"LENS TYPE (CLEAR, COLOUR)",BRAND,COMFORT,PRODUCT,LEAD_TIME,WEARING_HOURS,"MODALITY (1 Day, 2 Weeks, 1 Month, 3 Months)",,"VISION (SPH, ASTIG, MF)",PHOTO,AXIS MF DESC,ASTIG DESCRIPTION,,FULL NAME,2 BOX,,4 BOX,,8 BOX,,PROMO,PRICE 1 BOX (RM),PIECES IN 1 BOX,1 BOX PRICE & UNIT,VALUE_PER_PAIR,,MATERIAL
COLOUR,ALCON,GOOD,AIR OPTIX COLOUR ,3,10,1 Month, monthly dispo,SPH,41,C-0.00,"S+6.00, S+5.75, S+5.50, S+5.25, S+5.00, S+4.75, S+4.50, S+4.25, S+4.00, S+3.75, S+3.50, S+3.25, S+3.00, S+2.75, S+2.50, S+2.25, S+2.00, S+1.75, S+1.50, S+1.25, S+1.00, S+0.75, S+0.50, S+0.25, S0.00, S-0.25, S-0.50, S-0.75, S-1.00, S-1.25, S-1.50, S-1.75, S-2.00, S-2.25, S-2.50, S-2.75, S-3.00, S-3.25, S-3.50, S-3.75, S-4.00, S-4.25, S-4.50, S-4.75, S-5.00, S-5.25, S-5.50, S-5.75, S-6.00, S-6.50, S-7.00, S-7.50, S-8.00",Sphere,"ALCON AIR OPTIX COLOUR  , 1 Month Sphere",20,10,60,15,160,20,,120,2,RM 120 a box of 2 monthly dispo lens,RM 120 per pair for 1 Month,120,SILICONE HYDROGEL
CLEAR,ALCON,GOOD,AIR OPTIX HYDRAGLYDE,3,10,1 Month, monthly dispo,ASTIG,17,"C-0.75, -C-1.25, C-1.75 ; X10, X20, X70, X80, X90, X100, X110, X160, X170, X180","S+0.25, S+0.50, S+0.75, S+1.00, S+1.25, S+1.50, S+1.75, S+2.00, S+2.25, S+2.50, S+2.75, S+3.00, S+3.25, S+3.50, S+3.75, S+4.00, S+4.25, S+4.50, S+4.75, S+5.00, S+5.25, S+5.50, S+5.75, S+6.00",Astigmatism,"ALCON AIR OPTIX HYDRAGLYDE , 1 Month Astigmatism",20,10,60,15,160,20,,140,3,RM 140 a box of 3 monthly dispo lens,RM 93.33 per pair for 1 Month,93.33,SILICONE HYDROGEL
CLEAR,ALCON,GOOD,AIR OPTIX HYDRAGLYDE,3,10,1 Month, monthly dispo,ASTIG,17,"C-0.75, C-1.25, C-1.75, C-2.25 ; X10, X20, X30, X40, X50, X60, X70, X80, X90, X100, X110, X120, X130, X140, X150, X160, X170, X180","S-0.00, S-0.25, S-0.50, S-0.75, S-1.00, S-1.25, S-1.50, S-1.75, S-2.00, S-2.25, S-2.50, S-2.75, S-3.00, S-3.25, S-3.50, S-3.75, S-4.00, S-4.25, S-4.50, S-4.75, S-5.00, S-5.25, S-5.50, S-5.75, S-6.00",Astigmatism,"ALCON AIR OPTIX HYDRAGLYDE , 1 Month Astigmatism",20,10,60,15,160,20,,140,3,RM 140 a box of 3 monthly dispo lens,RM 93.33 per pair for 1 Month,93.33,SILICONE HYDROGEL
CLEAR,ALCON,GOOD,AIR OPTIX HYDRAGLYDE,3,10,1 Month, monthly dispo,ASTIG,17,"C-1.25, C-1.75 ; X10, X20, X70, X80, X90, X100, X110, X160, X170, X180","S-6.50, S-7.00, S-7.50, S-8.00, S-8.50, S-9.00",Astigmatism,"ALCON AIR OPTIX HYDRAGLYDE , 1 Month Astigmatism",20,10,60,15,160,20,,140,3,RM 140 a box of 3 monthly dispo lens,RM 93.33 per pair for 1 Month,93.33,SILICONE HYDROGEL
CLEAR,ALCON,GOOD,AIR OPTIX HYDRAGLYDE,3,10,1 Month, monthly dispo,ASTIG,17,"C-0.75, C-2.25 ; X20, X90, X160 X180","S-6.50, S-7.00, S-7.50, S-8.00, S-8.50, S-9.00",Astigmatism,"ALCON AIR OPTIX HYDRAGLYDE , 1 Month Astigmatism",20,10,60,15,160,20,,140,3,RM 140 a box of 3 monthly dispo lens,RM 93.33 per pair for 1 Month,93.33,SILICONE HYDROGEL
CLEAR,ALCON,GOOD,AIR OPTIX HYDRAGLYDE,3,10,1 Month, monthly dispo,ASTIG,17,"C-0.75, C-1.25, C-1.75, C-2.25 ; X20, X90, X160 X180","S-9.50, S-10.00",Astigmatism,"ALCON AIR OPTIX HYDRAGLYDE , 1 Month Astigmatism",20,10,60,15,160,20,,140,3,RM 140 a box of 3 monthly dispo lens,RM 93.33 per pair for 1 Month,93.33,SILICONE HYDROGEL
CLEAR,ALCON,GOOD,AIR OPTIX HYDRAGLYDE,3,10,1 Month, monthly dispo,MF,10,"+LOW, +MED, +HIGH","S+0.50, S+0.75, S+1.00, S+1.25, S+1.50, S+1.75, S+2.00, S+2.25, S+2.50, S+2.75, S+3.00, S+3.25, S+3.50, S+3.75, S+4.00, S+4.25, S+4.50, S+4.75, S+5.00, S+5.25, S+5.50, S+5.75, S+6.00, S+6.50, S+7.00, S+7.50, S+8.00, S-0.50, S-0.75, S-1.00, S-1.25, S-1.50, S-1.75, S-2.00, S-2.25, S-2.50, S-2.75, S-3.00, S-3.25, S-3.50, S-3.75, S-4.00, S-4.25, S-4.50, S-4.75, S-5.00, S-5.25, S-5.50, S-5.75, S-6.00, S-6.50, S-7.00, S-7.50, S-8.00, S-8.50, S-9.00, S-9.50, S-10.00, S-10.50, S-11.00, S-11.50, S-12.00",Multi-focal,"ALCON AIR OPTIX HYDRAGLYDE , 1 Month Multi-focal",20,10,60,15,160,20,,200,3,RM 200 a box of 3 monthly dispo lens,RM 133.33 per pair for 1 Month,133.33,SILICONE HYDROGEL
CLEAR,ALCON,GOOD,AIR OPTIX HYDRAGLYDE,3,10,1 Month, monthly dispo,SPH,16,C-0.00,"S+0.50, S+0.75, S+1.00, S+1.25, S+1.50, S+1.75, S+2.00, S+2.25, S+2.50, S+2.75, S+3.00, S+3.25, S+3.50, S+3.75, S+4.00, S+4.25, S+4.50, S+4.75, S+5.00, S+5.25, S+5.50, S+5.75, S+6.00, S+6.50, S+7.00, S+7.50, S+8.00, S-0.50, S-0.75, S-1.00, S-1.25, S-1.50, S-1.75, S-2.00, S-2.25, S-2.50, S-2.75, S-3.00, S-3.25, S-3.50, S-3.75, S-4.00, S-4.25, S-4.50, S-4.75, S-5.00, S-5.25, S-5.50, S-5.75, S-6.00, S-6.50, S-7.00, S-7.50, S-8.00, S-8.50, S-9.00, S-9.50, S-10.00, S-10.50, S-11.00, S-11.50, S-12.00",Sphere,"ALCON AIR OPTIX HYDRAGLYDE , 1 Month Sphere",20,10,60,15,160,20,,110,3,RM 110 a box of 3 monthly dispo lens,RM 73.33 per pair for 1 Month,73.33,SILICONE HYDROGEL
CLEAR,ALCON,PREMIUM,AIR OPTIX NIGHT & DAY,3,10,1 Month, monthly dispo,SPH,12,C-0.00,"S+6.00, S+5.75, S+5.50, S+5.25, S+5.00, S+4.75, S+4.50, S+4.25, S+4.00, S+3.75, S+3.50, S+3.25, S+3.00, S+2.75, S+2.50, S+2.25, S+2.00, S+1.75, S+1.50, S+1.25, S+1.00, S+0.75, S+0.50, S+0.25, S0.00, S-0.25, S-0.50, S-0.75, S-1.00, S-1.25, S-1.50, S-1.75, S-2.00, S-2.25, S-2.50, S-2.75, S-3.00, S-3.25, S-3.50, S-3.75, S-4.00, S-4.25, S-4.50, S-4.75, S-5.00, S-5.25, S-5.50, S-5.75, S-6.00, S-6.50, S-7.00, S-7.50, S-8.00, S-8.50, S-9.00, S-9.50, S-10.00",Sphere,"ALCON AIR OPTIX NIGHT & DAY , 1 Month Sphere",20,10,60,15,160,20,,175,3,RM 175 a box of 3 monthly dispo lens,RM 116.67 per pair for 1 Month,116.67,SILICONE HYDROGEL
CLEAR,ALCON,PREMIUM,DAILIES TOTAL 1,3,16,1 Day, daily dispo,ASTIG,14,"C-0.75, C-1.25, C-1.75 ; X10, X20, X70, X80, X90, X100, X110, X160, X170, X180","S+4.00, S+3.75, S+3.50, S+3.25, S+3.00, S+2.75, S+2.50, S+2.25, S+2.00, S+1.75, S+1.50, S+1.25, S+1.00, S+0.75, S+0.50, S+0.25, S-6.50, S-7.00, S-7.50, S-8.00",Astigmatism,"ALCON DAILIES TOTAL 1 , 1 Day Astigmatism",20,10,60,15,160,20,,210,30,RM 210 a box of 30 daily dispo lens,RM 14 per pair for 1 Day,14,SILICONE HYDROGEL
CLEAR,ALCON,PREMIUM,DAILIES TOTAL 1,3,16,1 Day, daily dispo,ASTIG,14,"C-2.25 ; X10, X20, X160, X170, X180","S+4.00, S+3.75, S+3.50, S+3.25, S+3.00, S+2.75, S+2.50, S+2.25, S+2.00, S+1.75, S+1.50, S+1.25, S+1.00, S+0.75, S+0.50, S+0.25, S-6.50, S-7.00, S-7.50, S-8.00",Astigmatism,"ALCON DAILIES TOTAL 1 , 1 Day Astigmatism",20,10,60,15,160,20,,210,30,RM 210 a box of 30 daily dispo lens,RM 14 per pair for 1 Day,14,SILICONE HYDROGEL
CLEAR,ALCON,PREMIUM,DAILIES TOTAL 1,3,16,1 Day, daily dispo,ASTIG,14,"C-0.75, C-1.25, C-1.75 ; X10, X20, X30, X40, X50, X60, X70, X80, X90, X100, X110, X120, X130, X140, X150, X160, X170, X180","S-0.00, S-0.25, S-0.50, S-0.75, S-1.00, S-1.25, S-1.50, S-1.75, S-2.00, S-2.25, S-2.50, S-2.75, S-3.00, S-3.25, S-3.50, S-3.75, S-4.00, S-4.25, S-4.50, S-4.75, S-5.00, S-5.25, S-5.50, S-5.75, S-6.00",Astigmatism,"ALCON DAILIES TOTAL 1 , 1 Day Astigmatism",20,10,60,15,160,20,,210,30,RM 210 a box of 30 daily dispo lens,RM 14 per pair for 1 Day,14,SILICONE HYDROGEL
CLEAR,ALCON,PREMIUM,DAILIES TOTAL 1,3,16,1 Day, daily dispo,ASTIG,14,"C-2.25 ; X10, X20, X70, X80, X90, X100, X110, X160, X170, X180","S-0.00, S-0.25, S-0.50, S-0.75, S-1.00, S-1.25, S-1.50, S-1.75, S-2.00, S-2.25, S-2.50, S-2.75, S-3.00, S-3.25, S-3.50, S-3.75, S-4.00, S-4.25, S-4.50, S-4.75, S-5.00, S-5.25, S-5.50, S-5.75, S-6.00",Astigmatism,"ALCON DAILIES TOTAL 1 , 1 Day Astigmatism",20,10,60,15,160,20,,210,30,RM 210 a box of 30 daily dispo lens,RM 14 per pair for 1 Day,14,SILICONE HYDROGEL
CLEAR,ALCON,PREMIUM,DAILIES TOTAL 1,3,16,1 Day, daily dispo,MF,15,"+LOW, +MED, +HIGH","S+6.00, S+5.75, S+5.50, S+5.25, S+5.00, S+4.75, S+4.50, S+4.25, S+4.00, S+3.75, S+3.50, S+3.25, S+3.00, S+2.75, S+2.50, S+2.25, S+2.00, S+1.75, S+1.50, S+1.25, S+1.00, S+0.75, S+0.50, S+0.25, S0.00, S-0.25, S-0.50, S-0.75, S-1.00, S-1.25, S-1.50, S-1.75, S-2.00, S-2.25, S-2.50, S-2.75, S-3.00, S-3.25, S-3.50, S-3.75, S-4.00, S-4.25, S-4.50, S-4.75, S-5.00, S-5.25, S-5.50, S-5.75, S-6.00, S-6.50, S-7.00, S-7.50, S-8.00, S-8.50, S-9.00, S-9.50, S-10.00",Multi-focal,"ALCON DAILIES TOTAL 1 , 1 Day Multi-focal",20,10,60,15,160,20,,230,30,RM 230 a box of 30 daily dispo lens,RM 15.33 per pair for 1 Day,15.33,SILICONE HYDROGEL
CLEAR,ALCON,PREMIUM,DAILIES TOTAL 1,3,16,1 Day, daily dispo,SPH,13,C-0.00,"S+6.00, S+5.75, S+5.50, S+5.25, S+5.00, S+4.75, S+4.50, S+4.25, S+4.00, S+3.75, S+3.50, S+3.25, S+3.00, S+2.75, S+2.50, S+2.25, S+2.00, S+1.75, S+1.50, S+1.25, S+1.00, S+0.75, S+0.50, S+0.25, S0.00, S-0.25, S-0.50, S-0.75, S-1.00, S-1.25, S-1.50, S-1.75, S-2.00, S-2.25, S-2.50, S-2.75, S-3.00, S-3.25, S-3.50, S-3.75, S-4.00, S-4.25, S-4.50, S-4.75, S-5.00, S-5.25, S-5.50, S-5.75, S-6.00, S-6.50, S-7.00, S-7.50, S-8.00, S-8.50, S-9.00, S-9.50, S-10.00, S-10.50, S-11.00, S-11.50, S-12.00",Sphere,"ALCON DAILIES TOTAL 1 , 1 Day Sphere",20,10,60,15,160,20,,190,30,RM 190 a box of 30 daily dispo lens,RM 12.67 per pair for 1 Day,12.67,SILICONE HYDROGEL
CLEAR,ALCON,PREMIUM,PRECISION 1,3,12,1 Day, daily dispo,ASTIG,19,"C-0.75, C-1.25, C-1.75 ; X10, X20, X70, X80, X90, X100, X110, X160, X170, X180","S+4.00, S+3.75, S+3.50, S+3.25, S+3.00, S+2.75, S+2.50, S+2.25, S+2.00, S+1.75, S+1.50, S+1.25, S+1.00, S+0.75, S+0.50, S+0.25, S-6.50, S-7.00, S-7.50, S-8.00",Astigmatism,"ALCON PRECISION 1 , 1 Day Astigmatism",20,10,60,15,160,20,,190,30,RM 190 a box of 30 daily dispo lens,RM 12.67 per pair for 1 Day,12.67,SILICONE HYDROGEL
CLEAR,ALCON,PREMIUM,PRECISION 1,3,12,1 Day, daily dispo,ASTIG,19,"C-2.25 ; X10, X20, X160, X170, X180","S+4.00, S+3.75, S+3.50, S+3.25, S+3.00, S+2.75, S+2.50, S+2.25, S+2.00, S+1.75, S+1.50, S+1.25, S+1.00, S+0.75, S+0.50, S+0.25, S-6.50, S-7.00, S-7.50, S-8.00",Astigmatism,"ALCON PRECISION 1 , 1 Day Astigmatism",20,10,60,15,160,20,,190,30,RM 190 a box of 30 daily dispo lens,RM 12.67 per pair for 1 Day,12.67,SILICONE HYDROGEL
CLEAR,ALCON,PREMIUM,PRECISION 1,3,12,1 Day, daily dispo,ASTIG,19,"C-0.75, C-1.25, C-1.75 ; X10, X20, X30, X40, X50, X60, X70, X80, X90, X100, X110, X120, X130, X140, X150, X160, X170, X180","S-0.00, S-0.25, S-0.50, S-0.75, S-1.00, S-1.25, S-1.50, S-1.75, S-2.00, S-2.25, S-2.50, S-2.75, S-3.00, S-3.25, S-3.50, S-3.75, S-4.00, S-4.25, S-4.50, S-4.75, S-5.00, S-5.25, S-5.50, S-5.75, S-6.00",Astigmatism,"ALCON PRECISION 1 , 1 Day Astigmatism",20,10,60,15,160,20,,190,30,RM 190 a box of 30 daily dispo lens,RM 12.67 per pair for 1 Day,12.67,SILICONE HYDROGEL
CLEAR,ALCON,PREMIUM,PRECISION 1,3,12,1 Day, daily dispo,ASTIG,19,"C-2.25 ; X10, X20, X70, X80, X90, X100, X110, X160, X170, X180","S-0.00, S-0.25, S-0.50, S-0.75, S-1.00, S-1.25, S-1.50, S-1.75, S-2.00, S-2.25, S-2.50, S-2.75, S-3.00, S-3.25, S-3.50, S-3.75, S-4.00, S-4.25, S-4.50, S-4.75, S-5.00, S-5.25, S-5.50, S-5.75, S-6.00",Astigmatism,"ALCON PRECISION 1 , 1 Day Astigmatism",20,10,60,15,160,20,,190,30,RM 190 a box of 30 daily dispo lens,RM 12.67 per pair for 1 Day,12.67,SILICONE HYDROGEL
CLEAR,ALCON,PREMIUM,PRECISION 1,3,12,1 Day, daily dispo,SPH,18,C-0.00,"S+0.50, S+0.75, S+1.00, S+1.25, S+1.50, S+1.75, S+2.00, S+2.25, S+2.50, S+2.75, S+3.00, S+3.25, S+3.50, S+3.75, S+4.00, S+4.25, S+4.50, S+4.75, S+5.00, S+5.25, S+5.50, S+5.75, S+6.00, S+6.50, S+7.00, S+7.50, S+8.00, S-0.50, S-0.75, S-1.00, S-1.25, S-1.50, S-1.75, S-2.00, S-2.25, S-2.50, S-2.75, S-3.00, S-3.25, S-3.50, S-3.75, S-4.00, S-4.25, S-4.50, S-4.75, S-5.00, S-5.25, S-5.50, S-5.75, S-6.00, S-6.50, S-7.00, S-7.50, S-8.00, S-8.50, S-9.00, S-9.50, S-10.00, S-10.50, S-11.00, S-11.50, S-12.00",Sphere,"ALCON PRECISION 1 , 1 Day Sphere",20,10,60,15,160,20,,150,30,RM 150 a box of 30 daily dispo lens,RM 10 per pair for 1 Day,10,SILICONE HYDROGEL
CLEAR,ALCON,PREMIUM,TOTAL 30,3,12,1 Month, monthly dispo,ASTIG,20,"C-0.75, C-1.25, C-1.75, C-2.25 ; X10, X20, X30, X40, X50, X60, X70, X80, X90, X100, X110, X120, X130, X140, X150, X160, X170, X180","S+0.25, S+0.50, S+0.75, S+1.00, S+1.25, S+1.50, S+1.75, S+2.00, S+2.25, S+2.50, S+2.75, S+3.00, S+3.25, S+3.50, S+3.75, S+4.00, S+4.25, S+4.50, S+4.75, S+5.00, S+5.25, S+5.50, S+5.75, S+6.00, S+6.50, S+7.00, S+7.50, S+8.00, S0.00, S-0.25, S-0.50, S-0.75, S-1.00, S-1.25, S-1.50, S-1.75, S-2.00, S-2.25, S-2.50, S-2.75, S-3.00, S-3.25, S-3.50, S-3.75, S-4.00, S-4.25, S-4.50, S-4.75, S-5.00, S-5.25, S-5.50, S-5.75, S-6.00, S-6.50, S-7.00, S-7.50, S-8.00, S-8.50, S-9.00, S-9.50, S-10.00",Astigmatism,"ALCON TOTAL 30 , 1 Month Astigmatism",20,10,60,15,160,20,,150,3,RM 150 a box of 3 monthly dispo lens,RM 100 per pair for 1 Month,100,SILICONE HYDROGEL
CLEAR,ALCON,PREMIUM,TOTAL 30,3,12,1 Month, monthly dispo,MF,70,"+LOW, +MED, +HIGH","S+6.00, S+5.75, S+5.50, S+5.25, S+5.00, S+4.75, S+4.50, S+4.25, S+4.00, S+3.75, S+3.50, S+3.25, S+3.00, S+2.75, S+2.50, S+2.25, S+2.00, S+1.75, S+1.50, S+1.25, S+1.00, S+0.75, S+0.50, S+0.25, S0.00, S-0.25, S-0.50, S-0.75, S-1.00, S-1.25, S-1.50, S-1.75, S-2.00, S-2.25, S-2.50, S-2.75, S-3.00, S-3.25, S-3.50, S-3.75, S-4.00, S-4.25, S-4.50, S-4.75, S-5.00, S-5.25, S-5.50, S-5.75, S-6.00, S-6.25, S-6.50, S-6.75, S-7.00, S-7.25, S-7.50, S-7.75, S-8.00, S-8.25, S-8.50, S-8.75, S-9.00, S-9.25, S-9.50, S-9.75, S-10.00",Multi-focal,"ALCON TOTAL 30 , 1 Month Multi-focal",20,10,60,15,160,20,,230,3,RM 230 a box of 3 monthly dispo lens,RM 153.33 per pair for 1 Month,153.33,HYDROGEL
CLEAR,ALCON,PREMIUM,TOTAL 30,3,12,1 Month, monthly dispo,SPH,11,C-0.00,"S+0.50, S+0.75, S+1.00, S+1.25, S+1.50, S+1.75, S+2.00, S+2.25, S+2.50, S+2.75, S+3.00, S+3.25, S+3.50, S+3.75, S+4.00, S+4.25, S+4.50, S+4.75, S+5.00, S+5.25, S+5.50, S+5.75, S+6.00, S+6.50, S+7.00, S+7.50, S+8.00, S-0.50, S-0.75, S-1.00, S-1.25, S-1.50, S-1.75, S-2.00, S-2.25, S-2.50, S-2.75, S-3.00, S-3.25, S-3.50, S-3.75, S-4.00, S-4.25, S-4.50, S-4.75, S-5.00, S-5.25, S-5.50, S-5.75, S-6.00, S-6.50, S-7.00, S-7.50, S-8.00, S-8.50, S-9.00, S-9.50, S-10.00, S-10.50, S-11.00, S-11.50, S-12.00",Sphere,"ALCON TOTAL 30 , 1 Month Sphere",20,10,60,15,160,20,,130,3,RM 130 a box of 3 monthly dispo lens,RM 86.67 per pair for 1 Month,86.67,SILICONE HYDROGEL
COLOUR,BIONICS,GOOD,1M COLOR SPHERE & TORIC ,3,8,1 Month, monthly dispo,SPH,42,C-0.00,"S-0.00, S-0.50, S-0.75, S-1.00, S-1.25, S-1.50, S-1.75, S-2.00, S-2.25, S-2.50, S-2.75, S-3.00, S-3.25, S-3.50, S-3.75, S-4.00, S-4.25, S-4.50, S-4.75, S-5.00, S-5.50, S-6.00, S-6.50, S-7.00, S-7.50, S-8.00, S-8.50, S-9.00, S-9.50, S-10.00",Astigmatism,"BIONICS 1M COLOR SPHERE & TORIC  , 1 Month Astigmatism",10,5,40,10,80,10,,140,2,RM 140 a box of 2 monthly dispo lens,RM 140 per pair for 1 Month,140,HYDROGEL
COLOUR,BIONICS,GOOD,1M COLOR SPHERE & TORIC ,3,8,1 Month, monthly dispo,ASTIG,42,"C-0.75, C-1.25, C-1.75, C-2.25, C-2.75 ; X180","S-0.00, S-0.50, S-0.75, S-1.00, S-1.25, S-1.50, S-1.75, S-2.00, S-2.25, S-2.50, S-2.75, S-3.00, S-3.25, S-3.50, S-3.75, S-4.00, S-4.25, S-4.50, S-4.75, S-5.00, S-5.50, S-6.00, S-6.50, S-7.00, S-7.50, S-8.00, S-8.50, S-9.00, S-9.50, S-10.00",Astigmatism,"BIONICS 1M COLOR SPHERE & TORIC  , 1 Month Astigmatism",10,5,40,10,80,10,,140,2,RM 140 a box of 2 monthly dispo lens,RM 140 per pair for 1 Month,140,HYDROGEL
COLOUR,BIONICS,GOOD,1M COLOR SPHERE & TORIC ,3,8,1 Month, monthly dispo,ASTIG,42,"C-0.75, C-1.25, C-1.75, C-2.25, C-2.75 ; X20, X160, X90","S-0.00, S-0.50, S-1.00, S-1.50, S-2.00, S-2.50, S-3.00, S-3.50, S-4.00, S-4.50, S-5.00, S-5.50, S-6.00, S-6.50, S-7.00, S-7.50, S-8.00, S-8.50, S-9.00, S-9.50, S-10.00",Astigmatism,"BIONICS 1M COLOR SPHERE & TORIC  , 1 Month Astigmatism",10,5,40,10,80,10,,140,2,RM 140 a box of 2 monthly dispo lens,RM 140 per pair for 1 Month,140,HYDROGEL
COLOUR,BIONICS,BASIC,3M COLOR SPHERE & TORIC,7,8,3 Months, 3 months dispo,SPH,69,C-0.00,"S-0.00, S-0.50, S-0.75, S-1.00, S-1.25, S-1.50, S-1.75, S-2.00, S-2.25, S-2.50, S-2.75, S-3.00, S-3.25, S-3.50, S-3.75, S-4.00, S-4.25, S-4.50, S-4.75, S-5.00, S-5.50, S-6.00, S-6.50, S-7.00, S-7.50, S-8.00",Astigmatism,"BIONICS 3M COLOR SPHERE & TORIC , 3 Months Astigmatism",10,5,40,10,80,10,,220,2,RM 220 a box of 2 3 months dispo lens,RM 220 per pair for 3 Months,220,HYDROGEL
COLOUR,BIONICS,BASIC,3M COLOR SPHERE & TORIC,7,8,3 Months, 3 months dispo,ASTIG,69,"C-0.75, C-1.25, C-1.75, C-2.25 ; X180","S-0.00, S-0.50, S-0.75, S-1.00, S-1.25, S-1.50, S-1.75, S-2.00, S-2.25, S-2.50, S-2.75, S-3.00, S-3.25, S-3.50, S-3.75, S-4.00, S-4.25, S-4.50, S-4.75, S-5.00, S-5.50, S-6.00, S-6.50, S-7.00, S-7.50, S-8.00",Astigmatism,"BIONICS 3M COLOR SPHERE & TORIC , 3 Months Astigmatism",10,5,40,10,80,10,,220,2,RM 220 a box of 2 3 months dispo lens,RM 220 per pair for 3 Months,220,HYDROGEL
COLOUR,BIONICS,BASIC,3M COLOR SPHERE & TORIC,7,8,3 Months, 3 months dispo,ASTIG,69,"C-0.75, C-1.25, C-1.75, C-2.25 ; X10, X170","S-0.00, S-0.50, S-1.00, S-1.50, S-2.00, S-2.50, S-3.00, S-3.50, S-4.00, S-4.50, S-5.00, S-5.50, S-6.00, S-6.50, S-7.00, S-7.50, S-8.00",Astigmatism,"BIONICS 3M COLOR SPHERE & TORIC , 3 Months Astigmatism",10,5,40,10,80,10,,220,2,RM 220 a box of 2 3 months dispo lens,RM 220 per pair for 3 Months,220,HYDROGEL
COLOUR,BIONICS,GOOD,BIONICS COLOUR TOUCH ,7,10,1 Month, monthly dispo,SPH,46,C-0.00,"S0.00, S-0.50, S-0.75, S-1.00, S-1.25, S-1.50, S-1.75, S-2.00, S-2.25, S-2.50, S-2.75, S-3.00, S-3.25, S-3.50, S-3.75, S-4.00, S-4.25, S-4.50, S-4.75, S-5.00, S-5.25, S-5.50, S-6.00, S-6.50, S-7.00, S-7.50, S-8.00",Sphere,"BIONICS BIONICS COLOUR TOUCH  , 1 Month Sphere",0,0,20,5,80,10,,65,2,RM 65 a box of 2 monthly dispo lens,RM 65 per pair for 1 Month,65,HYDROGEL
COLOUR,BIONICS,PREMIUM,BLISS,3,12,1 Month, monthly dispo,SPH,49,C-0.00,"S0.00, S-0.75, S-1.00, S-1.25, S-1.50, S-1.75, S-2.00, S-2.25, S-2.50, S-2.75, S-3.00, S-3.25, S-3.50, S-3.75, S-4.00, S-4.25, S-4.50, S-4.75, S-5.00, S-5.50, S-6.00, S-6.50, S-7.00, S-7.50, S-8.00",Sphere,"BIONICS BLISS , 1 Month Sphere",0,0,20,5,80,10,,85,2,RM 85 a box of 2 monthly dispo lens,RM 85 per pair for 1 Month,85,SILICONE HYDROGEL
COLOUR,BIONICS,BASIC,FIRSTLOOK CELEBRITE,3,10,1 Month, monthly dispo,SPH,47,C-0.00,"S0.00, S-1.00, S-1.25, S-1.50, S-1.75, S-2.00, S-2.25, S-2.50, S-2.75, S-3.00, S-3.25, S-3.50, S-3.75, S-4.00, S-4.25, S-4.50, S-4.75, S-5.00, S-5.50, S-6.00, S-6.50, S-7.00, S-7.50, S-8.00",Sphere,"BIONICS FIRSTLOOK CELEBRITE , 1 Month Sphere",0,0,20,5,80,10,,65,2,RM 65 a box of 2 monthly dispo lens,RM 65 per pair for 1 Month,65,HYDROGEL
COLOUR,BIONICS,PREMIUM,HUERAY,3,12,1 Month, monthly dispo,SPH,48,C-0.00,"S0.00, S-0.75, S-1.00, S-1.25, S-1.50, S-1.75, S-2.00, S-2.25, S-2.50, S-2.75, S-3.00, S-3.25, S-3.50, S-3.75, S-4.00, S-4.25, S-4.50, S-4.75, S-5.00, S-5.50, S-6.00, S-6.50, S-7.00, S-7.50, S-8.00",Sphere,"BIONICS HUERAY , 1 Month Sphere",0,0,20,5,80,10,,75,2,RM 75 a box of 2 monthly dispo lens,RM 75 per pair for 1 Month,75,SILICONE HYDROGEL
COLOUR,BIONICS,BASIC,ICOLORIS CANDORRA,3,6,1 Month, monthly dispo,SPH,44,C-0.00,"S0.00, S-0.75, S-1.00, S-1.25, S-1.50, S-1.75, S-2.00, S-2.25, S-2.50, S-2.75, S-3.00, S-3.25, S-3.50, S-3.75, S-4.00, S-4.25, S-4.50, S-4.75, S-5.00, S-5.50, S-6.00, S-6.50, S-7.00, S-7.50, S-8.00",Sphere,"BIONICS ICOLORIS CANDORRA , 1 Month Sphere",0,0,20,5,80,10,,40,2,RM 40 a box of 2 monthly dispo lens,RM 40 per pair for 1 Month,40,HYDROGEL
COLOUR,BIONICS,BASIC,ICOLORIS GALAXY,3,6,1 Month, monthly dispo,SPH,45,C-0.00,"S0.00, S-0.75, S-1.00, S-1.25, S-1.50, S-1.75, S-2.00, S-2.25, S-2.50, S-2.75, S-3.00, S-3.25, S-3.50, S-3.75, S-4.00, S-4.25, S-4.50, S-4.75, S-5.00, S-5.50, S-6.00, S-6.50, S-7.00, S-7.50, S-8.00",Sphere,"BIONICS ICOLORIS GALAXY , 1 Month Sphere",0,0,20,5,80,10,,40,2,RM 40 a box of 2 monthly dispo lens,RM 40 per pair for 1 Month,40,HYDROGEL
COLOUR,BIONICS,BASIC,ICOLORIS PICTORIS,3,6,1 Month, monthly dispo,SPH,43,C-0.00,"S0.00, S-0.75, S-1.00, S-1.25, S-1.50, S-1.75, S-2.00, S-2.25, S-2.50, S-2.75, S-3.00, S-3.25, S-3.50, S-3.75, S-4.00, S-4.25, S-4.50, S-4.75, S-5.00, S-5.50, S-6.00, S-6.50, S-7.00, S-7.50, S-8.00",Sphere,"BIONICS ICOLORIS PICTORIS , 1 Month Sphere",0,0,20,5,80,10,,40,2,RM 40 a box of 2 monthly dispo lens,RM 40 per pair for 1 Month,40,HYDROGEL
COLOUR,BIONICS,PREMIUM,KAORI,3,10,1 Day, daily dispo,SPH,50,C-0.00,"S0.00, S-1.00, S-1.25, S-1.50, S-1.75, S-2.00, S-2.25, S-2.50, S-2.75, S-3.00, S-3.25, S-3.50, S-3.75, S-4.00, S-4.25, S-4.50, S-4.75, S-5.00, S-5.25, S-5.50, S-5.75, S-6.00, S-6.50, S-7.00, S-7.50, S-8.00",Sphere,"BIONICS KAORI , 1 Day Sphere",0,0,20,5,80,10,,65,10,RM 65 a box of 10 daily dispo lens,RM 13 per pair for 1 Day,13,HYDROGEL
CLEAR,BIONICS,GOOD,VITA PEGAVISION,3,10,1 Day, daily dispo,SPH,21,C-0.00,"S-1.00, S-1.25, S-1.50, S-1.75, S-2.00, S-2.25, S-2.50, S-2.75, S-3.00, S-3.25, S-3.50, S-3.75, S-4.00, S-4.25, S-4.50, S-4.75, S-5.00, S-5.25, S-5.50, S-6.00, S-6.50, S-7.00, S-7.50, S-8.00, S-8.50, S-9.00, S-9.50, S-10.00",Sphere,"BIONICS VITA PEGAVISION , 1 Day Sphere",0,0,20,5,80,10,,120,30,RM 120 a box of 30 daily dispo lens,RM 8.00 per pair for 1 Day,8,HYDROGEL
COLOUR,BLINCON,GOOD,1M COLOR SPHERE & TORIC ,7,8,1 Month, monthly dispo,SPH,64,C-0.00,"S-0.00, S-0.75, S-1.00, S-1.25, S-1.50, S-1.75, S-2.00, S-2.25, S-2.50, S-2.75, S-3.00, S-3.25, S-3.50, S-3.75, S-4.00, S-4.25, S-4.50, S-4.75, S-5.00, S-5.50, S-6.00, S-6.50, S-7.00, S-7.50, S-8.00",Astigmatism,"BLINCON 1M COLOR SPHERE & TORIC  , 1 Month Astigmatism",0,0,20,5,80,10,,140,2,RM 140 a box of 2 monthly dispo lens,RM 140 per pair for 1 Month,140,HYDROGEL
COLOUR,BLINCON,GOOD,1M COLOR SPHERE & TORIC ,7,8,1 Month, monthly dispo,ASTIG,64,"C-0.75, C-1.25, C-1.75, C-2.25 ; X10, X20, X90, X160, X170, X180","S-0.00, S-0.75, S-1.00, S-1.25, S-1.50, S-1.75, S-2.00, S-2.25, S-2.50, S-2.75, S-3.00, S-3.25, S-3.50, S-3.75, S-4.00, S-4.25, S-4.50, S-4.75, S-5.00, S-5.50, S-6.00, S-6.50, S-7.00, S-7.50, S-8.00",Astigmatism,"BLINCON 1M COLOR SPHERE & TORIC  , 1 Month Astigmatism",0,0,20,5,80,10,,140,2,RM 140 a box of 2 monthly dispo lens,RM 140 per pair for 1 Month,140,HYDROGEL
COLOUR,BLINCON,BASIC,3M COLOR SPHERE & TORIC,14,8,3 Months, 3 months dispo,SPH,65,C-0.00,"S-0.00, S-0.75, S-1.00, S-1.25, S-1.50, S-1.75, S-2.00, S-2.25, S-2.50, S-2.75, S-3.00, S-3.25, S-3.50, S-3.75, S-4.00, S-4.25, S-4.50, S-4.75, S-5.00, S-5.50, S-6.00, S-6.50, S-7.00, S-7.50, S-8.00",Astigmatism,"BLINCON 3M COLOR SPHERE & TORIC , 3 Months Astigmatism",0,0,20,5,80,10,,270,2,RM 270 a box of 2 3 months dispo lens,RM 270 per pair for 3 Months,270,HYDROGEL
COLOUR,BLINCON,BASIC,3M COLOR SPHERE & TORIC,14,8,3 Months, 3 months dispo,ASTIG,65,"C-1.00, C-1.50, C-2.00, C-2.50 ; X10, X20, X80, X90, X100, X160, X170, X180","S-0.00, S-0.75, S-1.00, S-1.25, S-1.50, S-1.75, S-2.00, S-2.25, S-2.50, S-2.75, S-3.00, S-3.25, S-3.50, S-3.75, S-4.00, S-4.25, S-4.50, S-4.75, S-5.00, S-5.50, S-6.00, S-6.50, S-7.00, S-7.50, S-8.00",Astigmatism,"BLINCON 3M COLOR SPHERE & TORIC , 3 Months Astigmatism",0,0,20,5,80,10,,270,2,RM 270 a box of 2 3 months dispo lens,RM 270 per pair for 3 Months,270,HYDROGEL
COLOUR,BLINCON,BASIC,BB SERIES ,3,8,3 Months, 3 months dispo,SPH,51,C-0.00,"S0.00, S-0.75, S-1.00, S-1.25, S-1.50, S-1.75, S-2.00, S-2.25, S-2.50, S-2.75, S-3.00, S-3.25, S-3.50, S-3.75, S-4.00, S-4.25, S-4.50, S-4.75, S-5.00, S-5.50, S-6.00, S-6.50, S-7.00, S-7.50, S-8.00",Sphere,"BLINCON BB SERIES  , 3 Months Sphere",0,0,20,5,80,10,,65,2,RM 65 a box of 2 3 months dispo lens,RM 65 per pair for 3 Months,65,HYDROGEL
COLOUR,BLINCON,BASIC,BEAUTY SERIES ,3,8,3 Months, 3 months dispo,SPH,52,C-0.00,"S0.00, S-0.75, S-1.00, S-1.25, S-1.50, S-1.75, S-2.00, S-2.25, S-2.50, S-2.75, S-3.00, S-3.25, S-3.50, S-3.75, S-4.00, S-4.25, S-4.50, S-4.75, S-5.00, S-5.50, S-6.00, S-6.50, S-7.00, S-7.50, S-8.00",Sphere,"BLINCON BEAUTY SERIES  , 3 Months Sphere",0,0,20,5,80,10,,65,2,RM 65 a box of 2 3 months dispo lens,RM 65 per pair for 3 Months,65,HYDROGEL
COLOUR,BLINCON,BASIC,BLOSSOM 2 SERIES ,3,8,3 Months, 3 months dispo,SPH,56,C-0.00,"S0.00, S-0.75, S-1.00, S-1.25, S-1.50, S-1.75, S-2.00, S-2.25, S-2.50, S-2.75, S-3.00, S-3.25, S-3.50, S-3.75, S-4.00, S-4.25, S-4.50, S-4.75, S-5.00, S-5.50, S-6.00, S-6.50, S-7.00, S-7.50, S-8.00",Sphere,"BLINCON BLOSSOM 2 SERIES  , 3 Months Sphere",0,0,20,5,80,10,,65,2,RM 65 a box of 2 3 months dispo lens,RM 65 per pair for 3 Months,65,HYDROGEL
COLOUR,BLINCON,BASIC,BLOSSOM SERIES,3,8,3 Months, 3 months dispo,SPH,55,C-0.00,"S0.00, S-0.75, S-1.00, S-1.25, S-1.50, S-1.75, S-2.00, S-2.25, S-2.50, S-2.75, S-3.00, S-3.25, S-3.50, S-3.75, S-4.00, S-4.25, S-4.50, S-4.75, S-5.00, S-5.50, S-6.00, S-6.50, S-7.00, S-7.50, S-8.00",Sphere,"BLINCON BLOSSOM SERIES , 3 Months Sphere",0,0,20,5,80,10,,65,2,RM 65 a box of 2 3 months dispo lens,RM 65 per pair for 3 Months,65,HYDROGEL
COLOUR,BLINCON,BASIC,CC NATURAL SERIES ,3,8,3 Months, 3 months dispo,SPH,53,C-0.00,"S0.00, S-0.50, S-0.75, S-1.00, S-1.25, S-1.50, S-1.75, S-2.00, S-2.25, S-2.50, S-2.75, S-3.00, S-3.25, S-3.50, S-3.75, S-4.00, S-4.25, S-4.50, S-4.75, S-5.00, S-5.50, S-6.00, S-6.50, S-7.00, S-7.50, S-8.00, S-8.50, S-9.00, S-9.50, S-10.00, S-10.50, S-11.00, S-11.50, S-12.00",Sphere,"BLINCON CC NATURAL SERIES  , 3 Months Sphere",0,0,20,5,80,10,,65,2,RM 65 a box of 2 3 months dispo lens,RM 65 per pair for 3 Months,65,HYDROGEL
COLOUR,BLINCON,BASIC,CC ROMANCE SERIES ,3,8,3 Months, 3 months dispo,SPH,54,C-0.00,"S0.00, S-0.50, S-0.75, S-1.00, S-1.25, S-1.50, S-1.75, S-2.00, S-2.25, S-2.50, S-2.75, S-3.00, S-3.25, S-3.50, S-3.75, S-4.00, S-4.25, S-4.50, S-4.75, S-5.00, S-5.50, S-6.00, S-6.50, S-7.00, S-7.50, S-8.00, S-8.50, S-9.00, S-9.50, S-10.00, S-10.50, S-11.00, S-11.50, S-12.00",Sphere,"BLINCON CC ROMANCE SERIES  , 3 Months Sphere",0,0,20,5,80,10,,65,2,RM 65 a box of 2 3 months dispo lens,RM 65 per pair for 3 Months,65,HYDROGEL
COLOUR,BLINCON,BASIC,CLASSIC 2.0 SERIES,7,8,3 Months, 3 months dispo,SPH,60,C-0.00,"S0.00, S-0.50, S-0.75, S-1.00, S-1.25, S-1.50, S-1.75, S-2.00, S-2.25, S-2.50, S-2.75, S-3.00, S-3.25, S-3.50, S-3.75, S-4.00, S-4.25, S-4.50, S-4.75, S-5.00, S-5.50, S-6.00, S-6.50, S-7.00, S-7.50, S-8.00",Sphere,"BLINCON CLASSIC 2.0 SERIES , 3 Months Sphere",0,0,20,5,80,10,,65,2,RM 65 a box of 2 3 months dispo lens,RM 65 per pair for 3 Months,65,HYDROGEL
COLOUR,BLINCON,BASIC,CLASSIC SERIES,3,8,3 Months, 3 months dispo,SPH,57,C-0.00,"S0.00, S-0.75, S-1.00, S-1.25, S-1.50, S-1.75, S-2.00, S-2.25, S-2.50, S-2.75, S-3.00, S-3.25, S-3.50, S-3.75, S-4.00, S-4.25, S-4.50, S-4.75, S-5.00, S-5.25, S-5.50, S-5.75, S-6.00, S-6.50, S-7.00, S-7.50, S-8.00",Sphere,"BLINCON CLASSIC SERIES , 3 Months Sphere",0,0,20,5,80,10,,65,2,RM 65 a box of 2 3 months dispo lens,RM 65 per pair for 3 Months,65,HYDROGEL
COLOUR,BLINCON,BASIC,DD SERIES ,3,8,3 Months, 3 months dispo,SPH,61,C-0.00,"S0.00, S-0.75, S-1.00, S-1.25, S-1.50, S-1.75, S-2.00, S-2.25, S-2.50, S-2.75, S-3.00, S-3.25, S-3.50, S-3.75, S-4.00, S-4.25, S-4.50, S-4.75, S-5.00, S-5.50, S-6.00, S-6.50, S-7.00, S-7.50, S-8.00",Sphere,"BLINCON DD SERIES  , 3 Months Sphere",0,0,20,5,80,10,,65,2,RM 65 a box of 2 3 months dispo lens,RM 65 per pair for 3 Months,65,HYDROGEL
COLOUR,BLINCON,BASIC,ELEGANCE SERIES ,3,8,3 Months, 3 months dispo,SPH,58,C-0.00,"S0.00, S-0.75, S-1.00, S-1.25, S-1.50, S-1.75, S-2.00, S-2.25, S-2.50, S-2.75, S-3.00, S-3.25, S-3.50, S-3.75, S-4.00, S-4.25, S-4.50, S-4.75, S-5.00, S-5.25, S-5.50, S-5.75, S-6.00, S-6.50, S-7.00, S-7.50, S-8.00",Sphere,"BLINCON ELEGANCE SERIES  , 3 Months Sphere",0,0,20,5,80,10,,65,2,RM 65 a box of 2 3 months dispo lens,RM 65 per pair for 3 Months,65,HYDROGEL
COLOUR,BLINCON,GOOD,RX COLOR TORIC,60,8,3 Months, 3 months dispo,SPH,63,C-0.00,"S-0.00, S-0.25, S-0.50, S-0.75, S-1.00, S-1.25, S-1.50, S-1.75, S-2.00, S-2.25, S-2.50, S-2.75, S-3.00, S-3.25, S-3.50, S-3.75, S-4.00, S-4.25, S-4.50, S-4.75, S-5.00, S-5.25, S-5.50, S-5.75, S-6.00, S-6.25, S-6.50, S-6.75, S-7.00, S-7.25, S-7.50, S-7.75, S-8.00, S-8.25, S-8.50, S-8.75, S-9.00, S-9.25, S-9.50, S-9.75, S-10.00",Astigmatism,"BLINCON RX COLOR TORIC , 3 Months Astigmatism",0,0,20,5,80,10,,350,2,RM 350 a box of 2 3 months dispo lens,RM 350 per pair for 3 Months,350,HYDROGEL
COLOUR,BLINCON,GOOD,RX COLOR TORIC,60,8,3 Months, 3 months dispo,ASTIG,63,"C-0.75, C-1.25, C-1.75, C-2.25, C-2.75, C-3.00, C-3.25, C-3.50, C-3.75, C-4.00 ; X10, X20, X30, X40, X50, X60, X70, X80, X90, X100, X110, X120, X130, X140, X150, X160, X170, X180","S-0.00, S-0.25, S-0.50, S-0.75, S-1.00, S-1.25, S-1.50, S-1.75, S-2.00, S-2.25, S-2.50, S-2.75, S-3.00, S-3.25, S-3.50, S-3.75, S-4.00, S-4.25, S-4.50, S-4.75, S-5.00, S-5.25, S-5.50, S-5.75, S-6.00, S-6.25, S-6.50, S-6.75, S-7.00, S-7.25, S-7.50, S-7.75, S-8.00, S-8.25, S-8.50, S-8.75, S-9.00, S-9.25, S-9.50, S-9.75, S-10.00",Astigmatism,"BLINCON RX COLOR TORIC , 3 Months Astigmatism",0,0,20,5,80,10,,350,2,RM 350 a box of 2 3 months dispo lens,RM 350 per pair for 3 Months,350,HYDROGEL
COLOUR,BLINCON,BASIC,VIVI SERIES ,3,8,3 Months, 3 months dispo,SPH,59,C-0.00,"S-0.50, S-0.75, S-1.00, S-1.25, S-1.50, S-1.75, S-2.00, S-2.25, S-2.50, S-2.75, S-3.00, S-3.25, S-3.50, S-3.75, S-4.00, S-4.25, S-4.50, S-4.75, S-5.00, S-5.50, S-6.00, S-6.50, S-7.00, S-7.50, S-8.00",Sphere,"BLINCON VIVI SERIES  , 3 Months Sphere",0,0,20,5,80,10,,65,2,RM 65 a box of 2 3 months dispo lens,RM 65 per pair for 3 Months,65,HYDROGEL
COLOUR,BLINCON,BASIC,W SERIES,3,8,3 Months, 3 months dispo,SPH,62,C-0.00,"S0.00, S-0.50, S-0.75, S-1.00, S-1.25, S-1.50, S-1.75, S-2.00, S-2.25, S-2.50, S-2.75, S-3.00, S-3.25, S-3.50, S-3.75, S-4.00, S-4.25, S-4.50, S-4.75, S-5.00, S-5.50, S-6.00, S-6.50, S-7.00, S-7.50, S-8.00",Sphere,"BLINCON W SERIES , 3 Months Sphere",0,0,20,5,80,10,,65,2,RM 65 a box of 2 3 months dispo lens,RM 65 per pair for 3 Months,65,HYDROGEL
CLEAR,COOPER VISION,GOOD,BIOFINITY,7,10,1 Month, monthly dispo,ASTIG,23,none,none,Astigmatism,"COOPER VISION BIOFINITY , 1 Month Astigmatism",0,0,40,10,160,20,,220,6,RM 220 a box of 6 monthly dispo lens,RM 73.33 per pair for 1 Month,73.33,SILICONE HYDROGEL
CLEAR,COOPER VISION,GOOD,BIOFINITY,7,10,1 Month, monthly dispo,MF,22,C-0.00,"S+2.00, S+1.75, S+1.50, S+1.25, S+1.00, S+0.75, S+0.50, S+0.25, S0.00, S-0.25, S-0.50, S-0.75, S-1.00, S-1.25, S-1.50, S-1.75, S-2.00, S-2.25, S-2.50, S-2.75, S-3.00, S-3.25, S-3.50, S-3.75, S-4.00, S-4.25, S-4.50, S-4.75, S-5.00, S-5.25, S-5.50, S-5.75, S-6.00, S-6.50, S-7.00, S-7.50, S-8.00",Multi-focal,"COOPER VISION BIOFINITY , 1 Month Multi-focal",0,0,40,10,160,20,,175,3,RM 175 a box of 3 monthly dispo lens,RM 116.67 per pair for 1 Month,116.67,SILICONE HYDROGEL
CLEAR,COOPER VISION,GOOD,BIOFINITY,7,10,1 Month, monthly dispo,SPH,36,C-0.00,"S-0.50, S-0.75, S-1.00, S-1.25, S-1.50, S-1.75, S-2.00, S-2.25, S-2.50, S-2.75, S-3.00, S-3.25, S-3.50, S-3.75, S-4.00, S-4.25, S-4.50, S-4.75, S-5.00, S-5.25, S-5.50, S-5.75, S-6.00, S-6.50, S-7.00, S-7.50, S-8.00, S-8.50, S-9.00, S-9.50, S-10.00, S-10.50, S-11.00, S-11.50, S-12.00",Sphere,"COOPER VISION BIOFINITY , 1 Month Sphere",0,0,40,10,160,20,,75,3,RM 75 a box of 3 monthly dispo lens,RM 50 per pair for 1 Month,50,SILICONE HYDROGEL
CLEAR,COOPER VISION,GOOD,CLARITI,7,10,1 Day, daily dispo,ASTIG,24,none,none,Astigmatism,"COOPER VISION CLARITI , 1 Day Astigmatism",0,0,40,10,160,20,,150,30,RM 150 a box of 30 daily dispo lens,RM 10 per pair for 1 Day,10,SILICONE HYDROGEL
CLEAR,COOPER VISION,GOOD,CLARITI,7,10,1 Day, daily dispo,MF,25,C-0.00,"S+5.00, S+4.75, S+4.50, S+4.25, S+4.00, S+3.75, S+3.50, S+3.25, S+3.00, S+2.75, S+2.50, S+2.25, S+2.00, S+1.75, S+1.50, S+1.25, S+1.00, S+0.75, S+0.50, S+0.25, S0.00, S-0.25, S-0.50, S-0.75, S-1.00, S-1.25, S-1.50, S-1.75, S-2.00, S-2.25, S-2.50, S-2.75, S-3.00, S-3.25, S-3.50, S-3.75, S-4.00, S-4.25, S-4.50, S-4.75, S-5.00, S-5.25, S-5.50, S-5.75, S-6.00",Multi-focal,"COOPER VISION CLARITI , 1 Day Multi-focal",0,0,40,10,160,20,,195,30,RM 195 a box of 30 daily dispo lens,RM 13 per pair for 1 Day,13,SILICONE HYDROGEL
CLEAR,COOPER VISION,GOOD,CLARITI,7,10,1 Day, daily dispo,SPH,37,C-0.00,"S-0.50, S-0.75, S-1.00, S-1.25, S-1.50, S-1.75, S-2.00, S-2.25, S-2.50, S-2.75, S-3.00, S-3.25, S-3.50, S-3.75, S-4.00, S-4.25, S-4.50, S-4.75, S-5.00, S-5.25, S-5.50, S-5.75, S-6.00, S-6.50, S-7.00, S-7.50, S-8.00, S-8.50, S-9.00, S-9.50, S-10.00, S+0.50, S+0.75, S+1.00, S+1.25, S+1.50, S+1.75, S+2.00, S+2.25, S+2.50, S+2.75, S+3.00, S+3.25, S+3.50, S+3.75, S+4.00, S+4.25, S+4.50, S+4.75, S+5.00, S+5.25, S+5.50, S+5.75, S+6.00, S+6.50, S+7.00, S+7.50, S+8.00",Sphere,"COOPER VISION CLARITI , 1 Day Sphere",0,0,40,10,160,20,,140,30,RM 140 a box of 30 daily dispo lens,RM 9.33 per pair for 1 Day,9.33,SILICONE HYDROGEL
COLOUR,JOHNSON & JOHNSON,PREMIUM,ACUVUE DEFINE - CLASSIC,3,10,1 Day, daily dispo,SPH,39,C-0.00,"S-0.50, S-0.75, S-1.00, S-1.25, S-1.50, S-1.75, S-2.00, S-2.25, S-2.50, S-2.75, S-3.00, S-3.25, S-3.50, S-3.75, S-4.00, S-4.25, S-4.50, S-4.75, S-5.00, S-5.25, S-5.50, S-5.75, S-6.00, S-6.50, S-7.00, S-7.50, S-8.00, S-8.50, S-9.00",Sphere,"JOHNSON & JOHNSON ACUVUE DEFINE CLASSIC , 1 Day Sphere",10,5,40,10,160,20,Get Extra 5 pieces with every pack purchased! *While Stock Last,180,30,RM 180 a box of 30 daily dispo lens,RM 12 per pair for 1 Day,12,HYDROGEL
COLOUR,JOHNSON & JOHNSON,PREMIUM,ACUVUE DEFINE FRESH,3,10,1 Day, daily dispo,SPH,83,C-0.00,"S-0.50, S-0.75, S-1.00, S-1.25, S-1.50, S-1.75, S-2.00, S-2.25, S-2.50, S-2.75, S-3.00, S-3.25, S-3.50, S-3.75, S-4.00, S-4.25, S-4.50, S-4.75, S-5.00, S-5.25, S-5.50, S-5.75, S-6.00, S-6.50, S-7.00, S-7.50, S-8.00, S-8.50, S-9.00",Sphere,"JOHNSON & JOHNSON ACUVUE DEFINE FRESH , 1 Day Sphere",10,5,40,10,160,20,Get Extra 5 pieces with every pack purchased! *While Stock Last,180,30,RM 180 a box of 30 daily dispo lens,RM 12 per pair for 1 Day,12,HYDROGEL
COLOUR,JOHNSON & JOHNSON,PREMIUM,ACUVUE DEFINE LOOSE LENS ,3,10,1 Day, daily dispo,SPH,73,C-0.00,"S-0.50, S-0.75, S-1.00, S-1.25, S-1.50, S-1.75, S-2.00, S-2.25, S-2.50, S-2.75, S-3.00, S-3.25, S-3.50, S-3.75, S-4.00, S-4.25, S-4.50, S-4.75, S-5.00, S-5.25, S-5.50, S-5.75, S-6.00, S-6.50, S-7.00, S-7.50, S-8.00, S-8.50, S-9.00",Sphere,"JOHNSON & JOHNSON ACUVUE DEFINE LIMITED LOOSE LENS  , 1 Day Sphere",0,0,0,0,0,0,,80,10,RM 80 a box of 10 daily dispo lens,RM 16 per pair for 1 Day,16,HYDROGEL
COLOUR,JOHNSON & JOHNSON,PREMIUM,ACUVUE DEFINE SHEER - DREAM / ALLURE,3,10,1 Day, daily dispo,SPH,81,C-0.00,"S-0.50, S-0.75, S-1.00, S-1.25, S-1.50, S-1.75, S-2.00, S-2.25, S-2.50, S-2.75, S-3.00, S-3.25, S-3.50, S-3.75, S-4.00, S-4.25, S-4.50, S-4.75, S-5.00, S-5.25, S-5.50, S-5.75, S-6.00, S-6.50, S-7.00, S-7.50, S-8.00, S-8.50, S-9.00",Sphere,"JOHNSON & JOHNSON ACUVUE DEFINE SHEER - DREAM / ALLURE , 1 Day Sphere",10,5,40,10,160,20,Get Extra 5 pieces with every pack purchased! *While Stock Last,200,30,RM 200 a box of 30 daily dispo lens,RM 13.33 per pair for 1 Day,13.33,HYDROGEL
CLEAR,JOHNSON & JOHNSON,PREMIUM,ACUVUE MOIST,3,12,1 Day, daily dispo,ASTIG,3,"C-0.75, C-1.25, C-1.75 ; X20, X70, X90, X110, X160, X180","S+0.25, S+0.50, S+0.75, S+1.00, S+1.25, S+1.50, S+1.75, S+2.00, S+2.25, S+2.50, S+2.75, S+3.00, S+3.25, S+3.50, S+3.75, S+4.00",Astigmatism,"JOHNSON & JOHNSON ACUVUE MOIST , 1 Day Astigmatism",10,5,40,10,160,20,,190,30,RM 190 a box of 30 daily dispo lens,RM 12.67 per pair for 1 Day,12.67,HYDROGEL
CLEAR,JOHNSON & JOHNSON,PREMIUM,ACUVUE MOIST,3,12,1 Day, daily dispo,ASTIG,3,"C-0.75, C-1.25, C-1.75 ; X10, X20, X60, X70, X80, X90, X100, X110, X120, X160, X170, X180","S-0.00, S-0.25, S-0.50, S-0.75, S-1.00, S-1.25, S-1.50, S-1.75, S-2.00, S-2.25, S-2.50, S-2.75, S-3.00, S-3.25, S-3.50, S-3.75, S-4.00, S-4.25, S-4.50, S-4.75, S-5.00, S-5.25, S-5.50, S-5.75, S-6.00",Astigmatism,"JOHNSON & JOHNSON ACUVUE MOIST , 1 Day Astigmatism",10,5,40,10,160,20,,190,30,RM 190 a box of 30 daily dispo lens,RM 12.67 per pair for 1 Day,12.67,HYDROGEL
CLEAR,JOHNSON & JOHNSON,PREMIUM,ACUVUE MOIST,3,12,1 Day, daily dispo,ASTIG,3,"C-2.25 ; X20, X90, X160, X180","S-0.00, S-0.25, S-0.50, S-0.75, S-1.00, S-1.25, S-1.50, S-1.75, S-2.00, S-2.25, S-2.50, S-2.75, S-3.00, S-3.25, S-3.50, S-3.75, S-4.00, S-4.25, S-4.50, S-4.75, S-5.00, S-5.25, S-5.50, S-5.75, S-6.00",Astigmatism,"JOHNSON & JOHNSON ACUVUE MOIST , 1 Day Astigmatism",10,5,40,10,160,20,,190,30,RM 190 a box of 30 daily dispo lens,RM 12.67 per pair for 1 Day,12.67,HYDROGEL
CLEAR,JOHNSON & JOHNSON,PREMIUM,ACUVUE MOIST,3,12,1 Day, daily dispo,ASTIG,3,"C-0.75, C-1.25, C-1.75 ; X10, X20, X70, X80, X90, X100, X110, X160, X170, X180","S-6.50, S-7.00, S-7.50, S-8.00, S-8.50, S-9.00",Astigmatism,"JOHNSON & JOHNSON ACUVUE MOIST , 1 Day Astigmatism",10,5,40,10,160,20,,190,30,RM 190 a box of 30 daily dispo lens,RM 12.67 per pair for 1 Day,12.67,HYDROGEL
CLEAR,JOHNSON & JOHNSON,PREMIUM,ACUVUE MOIST,3,12,1 Day, daily dispo,MF,2,"+LOW, +MED, +HIGH","S-0.00, S-0.25, S-0.50, S-0.75, S-1.00, S-1.25, S-1.50, S-1.75, S-2.00, S-2.25, S-2.50, S-2.75, S-3.00, S-3.25, S-3.50, S-3.75, S-4.00, S-4.25, S-4.50, S-4.75, S-5.00, S-5.25, S-5.50, S-5.75, S-6.00, S-6.25, S-6.50, S-6.75, S-7.00, S-7.25, S-7.50, S-7.75, S-8.00, S-8.25, S-8.50, S-8.75, S-9.00, S+0.25, S+0.50, S+0.75, S+1.00, S+1.25, S+1.50, S+1.75, S+2.00, S+2.25, S+2.50, S+2.75, S+3.00, S+3.25, S+3.50, S+3.75, S+4.00, S+4.25, S+4.50, S+4.75, S+5.00, S+5.25, S+5.50, S+5.75, S+6.00",Multi-focal,"JOHNSON & JOHNSON ACUVUE MOIST , 1 Day Multi-focal",10,5,40,10,160,20,Get Extra 5 pieces with every pack purchased! *While Stock Last,230,30,RM 230 a box of 30 daily dispo lens,RM 15.33 per pair for 1 Day,15.33,HYDROGEL
CLEAR,JOHNSON & JOHNSON,PREMIUM,ACUVUE MOIST,3,12,1 Day, daily dispo,SPH,1,C-0.00,"S+0.50, S+0.75, S+1.00, S+1.25, S+1.50, S+1.75, S+2.00, S+2.25, S+2.50, S+2.75, S+3.00, S+3.25, S+3.50, S+3.75, S+4.00, S+4.25, S+4.50, S+4.75, S+5.00, S+5.25, S+5.50, S+5.75, S+6.00, S-0.50, S-0.75, S-1.00, S-1.25, S-1.50, S-1.75, S-2.00, S-2.25, S-2.50, S-2.75, S-3.00, S-3.25, S-3.50, S-3.75, S-4.00, S-4.25, S-4.50, S-4.75, S-5.00, S-5.25, S-5.50, S-5.75, S-6.00, S-6.50, S-7.00, S-7.50, S-8.00, S-8.50, S-9.00, S-9.50, S-10.00, S-10.50, S-11.00, S-11.50, S-12.00",Sphere,"JOHNSON & JOHNSON ACUVUE MOIST , 1 Day Sphere",10,5,40,10,160,20,,155,30,RM 155 a box of 30 daily dispo lens,RM 10.33 per pair for 1 Day,10.33,HYDROGEL
CLEAR,JOHNSON & JOHNSON,PREMIUM,ACUVUE MOIST LOOSE LENS,3,12,1 Day, daily dispo,MF,78,"+LOW, +MED, +HIGH","S-0.00, S-0.25, S-0.50, S-0.75, S-1.00, S-1.25, S-1.50, S-1.75, S-2.00, S-2.25, S-2.50, S-2.75, S-3.00, S-3.25, S-3.50, S-3.75, S-4.00, S-4.25, S-4.50, S-4.75, S-5.00, S-5.25, S-5.50, S-5.75, S-6.00, S-6.25, S-6.50, S-6.75, S-7.00, S-7.25, S-7.50, S-7.75, S-8.00, S-8.25, S-8.50, S-8.75, S-9.00, S+0.25, S+0.50, S+0.75, S+1.00, S+1.25, S+1.50, S+1.75, S+2.00, S+2.25, S+2.50, S+2.75, S+3.00, S+3.25, S+3.50, S+3.75, S+4.00, S+4.25, S+4.50, S+4.75, S+5.00, S+5.25, S+5.50, S+5.75, S+6.00",Multi-focal,"JOHNSON & JOHNSON ACUVUE MOIST LOOSE LENS , 1 Day Multi-focal",0,0,0,0,0,0,,85,10,RM 85 a box of 10 daily dispo lens,RM 17 per pair for 1 Day,17,HYDROGEL
CLEAR,JOHNSON & JOHNSON,PREMIUM,ACUVUE OASYS HYDRACLEAR,3,12,2 Weeks, 2 weeks dispo,ASTIG,7,"C-0.75, C-1.25, C-1.75 ; X10, X20, X70, X80, X90, X100, X110, X160, X170, X180","S+0.25, S+0.50, S+0.75, S+1.00, S+1.25, S+1.50, S+1.75, S+2.00, S+2.25, S+2.50, S+2.75, S+3.00, S+3.25, S+3.50, S+3.75, S+4.00, S+4.25, S+4.50, S+4.75, S+5.00, S+5.25, S+5.50, S+5.75, S+6.00",Astigmatism,"JOHNSON & JOHNSON ACUVUE OASYS HYDRACLEAR , 2 Weeks Astigmatism",10,5,40,10,160,20,Get Extra 1 pieces with every pack purchased! *While Stock Last,195,6,RM 195 a box of 6 2 weeks dispo lens,RM 65.00 per pair for 2 Weeks,65,SILICONE HYDROGEL
CLEAR,JOHNSON & JOHNSON,PREMIUM,ACUVUE OASYS HYDRACLEAR,3,12,2 Weeks, 2 weeks dispo,ASTIG,7,"C-0.75, C-1.25, C-175 ; X10, X20, X30, X40, X50, X60, X70, X80, X90, X100, X110, X120, X130, X140, X150, X160, X170, X180","S-0.00, S-0.25, S-0.50, S-0.75, S-1.00, S-1.25, S-1.50, S-1.75, S-2.00, S-2.25, S-2.50, S-2.75, S-3.00, S-3.25, S-3.50, S-3.75, S-4.00, S-4.25, S-4.50, S-4.75, S-5.00, S-5.25, S-5.50, S-5.75, S-6.00",Astigmatism,"JOHNSON & JOHNSON ACUVUE OASYS HYDRACLEAR , 2 Weeks Astigmatism",10,5,40,10,160,20,Get Extra 1 pieces with every pack purchased! *While Stock Last,195,6,RM 195 a box of 6 2 weeks dispo lens,RM 65.00 per pair for 2 Weeks,65,SILICONE HYDROGEL
CLEAR,JOHNSON & JOHNSON,PREMIUM,ACUVUE OASYS HYDRACLEAR,3,12,2 Weeks, 2 weeks dispo,ASTIG,7,"C-2.25, C-2.75 ; X10, X20, X70, X80, X90, X100, X110, X160, X170, X180","S-0.00, S-0.25, S-0.50, S-0.75, S-1.00, S-1.25, S-1.50, S-1.75, S-2.00, S-2.25, S-2.50, S-2.75, S-3.00, S-3.25, S-3.50, S-3.75, S-4.00, S-4.25, S-4.50, S-4.75, S-5.00, S-5.25, S-5.50, S-5.75, S-6.00",Astigmatism,"JOHNSON & JOHNSON ACUVUE OASYS HYDRACLEAR , 2 Weeks Astigmatism",10,5,40,10,160,20,Get Extra 1 pieces with every pack purchased! *While Stock Last,195,6,RM 195 a box of 6 2 weeks dispo lens,RM 65.00 per pair for 2 Weeks,65,SILICONE HYDROGEL
CLEAR,JOHNSON & JOHNSON,PREMIUM,ACUVUE OASYS HYDRACLEAR,3,12,2 Weeks, 2 weeks dispo,ASTIG,7,"C-0.75, C-1.25 ; X10, X20, X30, X40, X50, X60, X70, X80, X90, X100, X110, X120, X130, X140, X150, X160, X170, X180","S-6.50, S-7.00, S-7.50, S-8.00, S-8.50, S-9.00",Astigmatism,"JOHNSON & JOHNSON ACUVUE OASYS HYDRACLEAR , 2 Weeks Astigmatism",10,5,40,10,160,20,Get Extra 1 pieces with every pack purchased! *While Stock Last,195,6,RM 195 a box of 6 2 weeks dispo lens,RM 65.00 per pair for 2 Weeks,65,SILICONE HYDROGEL
CLEAR,JOHNSON & JOHNSON,PREMIUM,ACUVUE OASYS HYDRACLEAR,3,12,2 Weeks, 2 weeks dispo,ASTIG,7,"C-1.75, C-2.25, C-2.75 ; X10, X20, X160, X170, X180","S-6.50, S-7.00, S-7.50, S-8.00, S-8.50, S-9.00",Astigmatism,"JOHNSON & JOHNSON ACUVUE OASYS HYDRACLEAR , 2 Weeks Astigmatism",10,5,40,10,160,20,Get Extra 1 pieces with every pack purchased! *While Stock Last,195,6,RM 195 a box of 6 2 weeks dispo lens,RM 65.00 per pair for 2 Weeks,65,SILICONE HYDROGEL
CLEAR,JOHNSON & JOHNSON,PREMIUM,ACUVUE OASYS HYDRACLEAR,3,12,2 Weeks, 2 weeks dispo,SPH,6,C-0.00,"S+0.50, S+0.75, S+1.00, S+1.25, S+1.50, S+1.75, S+2.00, S+2.25, S+2.50, S+2.75, S+3.00, S+3.25, S+3.50, S+3.75, S+4.00, S+4.25, S+4.50, S+4.75, S+5.00, S+5.25, S+5.50, S+5.75, S+6.00, S-0.50, S-0.75, S-1.00, S-1.25, S-1.50, S-1.75, S-2.00, S-2.25, S-2.50, S-2.75, S-3.00, S-3.25, S-3.50, S-3.75, S-4.00, S-4.25, S-4.50, S-4.75, S-5.00, S-5.25, S-5.50, S-5.75, S-6.00, S-6.50, S-7.00, S-7.50, S-8.00, S-8.50, S-9.00, S-9.50, S-10.00, S-10.50, S-11.00, S-11.50, S-12.00, S+6.50, S+7.00, S+7.50, S+8.00",Sphere,"JOHNSON & JOHNSON ACUVUE OASYS HYDRACLEAR , 2 Weeks Sphere",10,5,40,10,160,20,Get Extra 1 pieces with every pack purchased! *While Stock Last,155,6,RM 155 a box of 6 2 weeks dispo lens,RM 51.67 per pair for 2 Weeks,51.67,SILICONE HYDROGEL
CLEAR,JOHNSON & JOHNSON,PREMIUM,ACUVUE OASYS HYDRACLEAR LOOSE LENS,3,12,2 Weeks, 2 weeks dispo,ASTIG,80,"C-0.75, C-1.25, C-1.75 ; X10, X20, X70, X80, X90, X100, X110, X160, X170, X180","S+0.25, S+0.50, S+0.75, S+1.00, S+1.25, S+1.50, S+1.75, S+2.00, S+2.25, S+2.50, S+2.75, S+3.00, S+3.25, S+3.50, S+3.75, S+4.00, S+4.25, S+4.50, S+4.75, S+5.00, S+5.25, S+5.50, S+5.75, S+6.00",Astigmatism,"JOHNSON & JOHNSON ACUVUE OASYS HYDRACLEAR LOOSE LENS , 2 Weeks Astigmatism",0,0,0,0,0,0,,70,2,RM 70 a box of 2 2 weeks dispo lens,RM 70 per pair for 2 Weeks,70,SILICONE HYDROGEL
CLEAR,JOHNSON & JOHNSON,PREMIUM,ACUVUE OASYS HYDRACLEAR LOOSE LENS,3,12,2 Weeks, 2 weeks dispo,ASTIG,80,"C-0.75, C-1.25, C-175 ; X10, X20, X30, X40, X50, X60, X70, X80, X90, X100, X110, X120, X130, X140, X150, X160, X170, X180","S-0.00, S-0.25, S-0.50, S-0.75, S-1.00, S-1.25, S-1.50, S-1.75, S-2.00, S-2.25, S-2.50, S-2.75, S-3.00, S-3.25, S-3.50, S-3.75, S-4.00, S-4.25, S-4.50, S-4.75, S-5.00, S-5.25, S-5.50, S-5.75, S-6.00",Astigmatism,"JOHNSON & JOHNSON ACUVUE OASYS HYDRACLEAR LOOSE LENS , 2 Weeks Astigmatism",0,0,0,0,0,0,,70,2,RM 70 a box of 2 2 weeks dispo lens,RM 70 per pair for 2 Weeks,70,SILICONE HYDROGEL
CLEAR,JOHNSON & JOHNSON,PREMIUM,ACUVUE OASYS HYDRACLEAR LOOSE LENS,3,12,2 Weeks, 2 weeks dispo,ASTIG,80,"C-2.25, C-2.75 ; X10, X20, X70, X80, X90, X100, X110, X160, X170, X180","S-0.00, S-0.25, S-0.50, S-0.75, S-1.00, S-1.25, S-1.50, S-1.75, S-2.00, S-2.25, S-2.50, S-2.75, S-3.00, S-3.25, S-3.50, S-3.75, S-4.00, S-4.25, S-4.50, S-4.75, S-5.00, S-5.25, S-5.50, S-5.75, S-6.00",Astigmatism,"JOHNSON & JOHNSON ACUVUE OASYS HYDRACLEAR LOOSE LENS , 2 Weeks Astigmatism",0,0,0,0,0,0,,70,2,RM 70 a box of 2 2 weeks dispo lens,RM 70 per pair for 2 Weeks,70,SILICONE HYDROGEL
CLEAR,JOHNSON & JOHNSON,PREMIUM,ACUVUE OASYS HYDRACLEAR LOOSE LENS,3,12,2 Weeks, 2 weeks dispo,ASTIG,80,"C-0.75, C-1.25 ; X10, X20, X30, X40, X50, X60, X70, X80, X90, X100, X110, X120, X130, X140, X150, X160, X170, X180","S-6.50, S-7.00, S-7.50, S-8.00, S-8.50, S-9.00",Astigmatism,"JOHNSON & JOHNSON ACUVUE OASYS HYDRACLEAR LOOSE LENS , 2 Weeks Astigmatism",0,0,0,0,0,0,,70,2,RM 70 a box of 2 2 weeks dispo lens,RM 70 per pair for 2 Weeks,70,SILICONE HYDROGEL
CLEAR,JOHNSON & JOHNSON,PREMIUM,ACUVUE OASYS HYDRACLEAR LOOSE LENS,3,12,2 Weeks, 2 weeks dispo,ASTIG,80,"C-1.75, C-2.25, C-2.75 ; X10, X20, X160, X170, X180","S-6.50, S-7.00, S-7.50, S-8.00, S-8.50, S-9.00",Astigmatism,"JOHNSON & JOHNSON ACUVUE OASYS HYDRACLEAR LOOSE LENS , 2 Weeks Astigmatism",0,0,0,0,0,0,,70,2,RM 70 a box of 2 2 weeks dispo lens,RM 70 per pair for 2 Weeks,70,SILICONE HYDROGEL
CLEAR,JOHNSON & JOHNSON,PREMIUM,ACUVUE OASYS HYDRACLEAR LOOSE LENS,3,12,2 Weeks, 2 weeks dispo,SPH,75,C-0.00,"S+0.50, S+0.75, S+1.00, S+1.25, S+1.50, S+1.75, S+2.00, S+2.25, S+2.50, S+2.75, S+3.00, S+3.25, S+3.50, S+3.75, S+4.00, S+4.25, S+4.50, S+4.75, S+5.00, S+5.25, S+5.50, S+5.75, S+6.00, S-0.50, S-0.75, S-1.00, S-1.25, S-1.50, S-1.75, S-2.00, S-2.25, S-2.50, S-2.75, S-3.00, S-3.25, S-3.50, S-3.75, S-4.00, S-4.25, S-4.50, S-4.75, S-5.00, S-5.25, S-5.50, S-5.75, S-6.00, S-6.50, S-7.00, S-7.50, S-8.00, S-8.50, S-9.00, S-9.50, S-10.00, S-10.50, S-11.00, S-11.50, S-12.00, S+6.50, S+7.00, S+7.50, S+8.00",Sphere,"JOHNSON & JOHNSON ACUVUE OASYS HYDRACLEAR LOOSE LENS , 2 Weeks Sphere",0,0,0,0,0,0,,55,2,RM 55 a box of 2 2 weeks dispo lens,RM 55 per pair for 2 Weeks,55,SILICONE HYDROGEL
CLEAR,JOHNSON & JOHNSON,PREMIUM,ACUVUE OASYS HYDRALUXE,3,16,1 Day, daily dispo,ASTIG,9,"C-0.75, C-1.25, C-1.75 ; X10, X20, X70, X80, X90, X100, X110, X160, X170, X180","S+0.25, S+0.50, S+0.75, S+1.00, S+1.25, S+1.50, S+1.75, S+2.00, S+2.25, S+2.50, S+2.75, S+3.00, S+3.25, S+3.50, S+3.75, S+4.00",Astigmatism,"JOHNSON & JOHNSON ACUVUE OASYS HYDRALUXE , 1 Day Astigmatism",10,5,40,10,160,20,Get Extra 5 pieces with every pack purchased! *While Stock Last,220,30,RM 220 a box of 30 daily dispo lens,RM 14.67 per pair for 1 Day,14.67,SILICONE HYDROGEL
CLEAR,JOHNSON & JOHNSON,PREMIUM,ACUVUE OASYS HYDRALUXE,3,16,1 Day, daily dispo,ASTIG,9,"C-0.75, C-1.25, C-175 ; X10, X20, X30, X40, X50, X60, X70, X80, X90, X100, X110, X120, X130, X140, X150, X160, X170, X180","S-0.00, S-0.25, S-0.50, S-0.75, S-1.00, S-1.25, S-1.50, S-1.75, S-2.00, S-2.25, S-2.50, S-2.75, S-3.00, S-3.25, S-3.50, S-3.75, S-4.00, S-4.25, S-4.50, S-4.75, S-5.00, S-5.25, S-5.50, S-5.75, S-6.00",Astigmatism,"JOHNSON & JOHNSON ACUVUE OASYS HYDRALUXE , 1 Day Astigmatism",10,5,40,10,160,20,Get Extra 5 pieces with every pack purchased! *While Stock Last,220,30,RM 220 a box of 30 daily dispo lens,RM 14.67 per pair for 1 Day,14.67,SILICONE HYDROGEL
CLEAR,JOHNSON & JOHNSON,PREMIUM,ACUVUE OASYS HYDRALUXE,3,16,1 Day, daily dispo,ASTIG,9,"C-2.25 ; X10, X20, X70, X80, X90, X100, X110, X160, X170, X180","S-0.00, S-0.25, S-0.50, S-0.75, S-1.00, S-1.25, S-1.50, S-1.75, S-2.00, S-2.25, S-2.50, S-2.75, S-3.00, S-3.25, S-3.50, S-3.75, S-4.00, S-4.25, S-4.50, S-4.75, S-5.00, S-5.25, S-5.50, S-5.75, S-6.00",Astigmatism,"JOHNSON & JOHNSON ACUVUE OASYS HYDRALUXE , 1 Day Astigmatism",10,5,40,10,160,20,Get Extra 5 pieces with every pack purchased! *While Stock Last,220,30,RM 220 a box of 30 daily dispo lens,RM 14.67 per pair for 1 Day,14.67,SILICONE HYDROGEL
CLEAR,JOHNSON & JOHNSON,PREMIUM,ACUVUE OASYS HYDRALUXE,3,16,1 Day, daily dispo,ASTIG,9,"C-0.75, C-1.25, C-1.75 ; X10, X20, X70, X80, X90, X100, X110, X160, X170, X180","S-6.50, S-7.00, S-7.50, S-8.00, S-8.50, S-9.00",Astigmatism,"JOHNSON & JOHNSON ACUVUE OASYS HYDRALUXE , 1 Day Astigmatism",10,5,40,10,160,20,Get Extra 5 pieces with every pack purchased! *While Stock Last,220,30,RM 220 a box of 30 daily dispo lens,RM 14.67 per pair for 1 Day,14.67,SILICONE HYDROGEL
CLEAR,JOHNSON & JOHNSON,PREMIUM,ACUVUE OASYS HYDRALUXE,3,16,1 Day, daily dispo,SPH,8,C-0.00,"S-0.50, S-0.75, S-1.00, S-1.25, S-1.50, S-1.75, S-2.00, S-2.25, S-2.50, S-2.75, S-3.00, S-3.25, S-3.50, S-3.75, S-4.00, S-4.25, S-4.50, S-4.75, S-5.00, S-5.25, S-5.50, S-5.75, S-6.00, S-6.50, S-7.00, S-7.50, S-8.00, S-8.50, S-9.00, S-9.50, S-10.00, S-10.50, S-11.00, S-11.50, S-12.00",Sphere,"JOHNSON & JOHNSON ACUVUE OASYS HYDRALUXE , 1 Day Sphere",10,5,40,10,160,20,Get Extra 5 pieces with every pack purchased! *While Stock Last,200,30,RM 200 a box of 30 daily dispo lens,RM 13.33 per pair for 1 Day,13.33,SILICONE HYDROGEL
CLEAR,JOHNSON & JOHNSON,PREMIUM,ACUVUE OASYS HYDRALUXE LOOSE LENS ,3,16,1 Day, daily dispo,ASTIG,79,"C-0.75, C-1.25, C-1.75 ; X10, X20, X70, X80, X90, X100, X110, X160, X170, X180","S+0.25, S+0.50, S+0.75, S+1.00, S+1.25, S+1.50, S+1.75, S+2.00, S+2.25, S+2.50, S+2.75, S+3.00, S+3.25, S+3.50, S+3.75, S+4.00",Astigmatism,"JOHNSON & JOHNSON ACUVUE OASYS HYDRALUXE LOOSE LENS  , 1 Day Astigmatism",0,0,0,0,0,0,,80,10,RM 80 a box of 10 daily dispo lens,RM 16 per pair for 1 Day,16,SILICONE HYDROGEL
CLEAR,JOHNSON & JOHNSON,PREMIUM,ACUVUE OASYS HYDRALUXE LOOSE LENS ,3,16,1 Day, daily dispo,ASTIG,79,"C-0.75, C-1.25, C-175 ; X10, X20, X30, X40, X50, X60, X70, X80, X90, X100, X110, X120, X130, X140, X150, X160, X170, X180","S-0.00, S-0.25, S-0.50, S-0.75, S-1.00, S-1.25, S-1.50, S-1.75, S-2.00, S-2.25, S-2.50, S-2.75, S-3.00, S-3.25, S-3.50, S-3.75, S-4.00, S-4.25, S-4.50, S-4.75, S-5.00, S-5.25, S-5.50, S-5.75, S-6.00",Astigmatism,"JOHNSON & JOHNSON ACUVUE OASYS HYDRALUXE LOOSE LENS  , 1 Day Astigmatism",0,0,0,0,0,0,,80,10,RM 80 a box of 10 daily dispo lens,RM 16 per pair for 1 Day,16,SILICONE HYDROGEL
CLEAR,JOHNSON & JOHNSON,PREMIUM,ACUVUE OASYS HYDRALUXE LOOSE LENS ,3,16,1 Day, daily dispo,ASTIG,79,"C-2.25 ; X10, X20, X70, X80, X90, X100, X110, X160, X170, X180","S-0.00, S-0.25, S-0.50, S-0.75, S-1.00, S-1.25, S-1.50, S-1.75, S-2.00, S-2.25, S-2.50, S-2.75, S-3.00, S-3.25, S-3.50, S-3.75, S-4.00, S-4.25, S-4.50, S-4.75, S-5.00, S-5.25, S-5.50, S-5.75, S-6.00",Astigmatism,"JOHNSON & JOHNSON ACUVUE OASYS HYDRALUXE LOOSE LENS  , 1 Day Astigmatism",0,0,0,0,0,0,,80,10,RM 80 a box of 10 daily dispo lens,RM 16 per pair for 1 Day,16,SILICONE HYDROGEL
CLEAR,JOHNSON & JOHNSON,PREMIUM,ACUVUE OASYS HYDRALUXE LOOSE LENS ,3,16,1 Day, daily dispo,ASTIG,79,"C-0.75, C-1.25, C-1.75 ; X10, X20, X70, X80, X90, X100, X110, X160, X170, X180","S-6.50, S-7.00, S-7.50, S-8.00, S-8.50, S-9.00",Astigmatism,"JOHNSON & JOHNSON ACUVUE OASYS HYDRALUXE LOOSE LENS  , 1 Day Astigmatism",0,0,0,0,0,0,,80,10,RM 80 a box of 10 daily dispo lens,RM 16 per pair for 1 Day,16,SILICONE HYDROGEL
CLEAR,JOHNSON & JOHNSON,PREMIUM,ACUVUE OASYS HYDRALUXE LOOSE LENS ,3,16,1 Day, daily dispo,SPH,74,C-0.00,"S-0.50, S-0.75, S-1.00, S-1.25, S-1.50, S-1.75, S-2.00, S-2.25, S-2.50, S-2.75, S-3.00, S-3.25, S-3.50, S-3.75, S-4.00, S-4.25, S-4.50, S-4.75, S-5.00, S-5.25, S-5.50, S-5.75, S-6.00, S-6.50, S-7.00, S-7.50, S-8.00, S-8.50, S-9.00, S-9.50, S-10.00, S-10.50, S-11.00, S-11.50, S-12.00",Sphere,"JOHNSON & JOHNSON ACUVUE OASYS HYDRALUXE LOOSE LENS  , 1 Day Sphere",0,0,0,0,0,0,,70,10,RM 70 a box of 10 daily dispo lens,RM 14 per pair for 1 Day,14,SILICONE HYDROGEL
CLEAR,JOHNSON & JOHNSON,PREMIUM,ACUVUE VITA,3,12,1 Month, monthly dispo,ASTIG,5,"C-0.75, C-1.25, C-1.75 ; X10, X20, X30, X40, X50, X60, X70, X80, X90, X100, X110, X120, X130, X140, X150, X160, X170, X180","S-0.00, S-0.25, S-0.50, S-0.75, S-1.00, S-1.25, S-1.50, S-1.75, S-2.00, S-2.25, S-2.50, S-2.75, S-3.00, S-3.25, S-3.50, S-3.75, S-4.00, S-4.25, S-4.50, S-4.75, S-5.00, S-5.25, S-5.50, S-5.75, S-6.00",Astigmatism,"JOHNSON & JOHNSON ACUVUE VITA , 1 Month Astigmatism",10,5,40,10,160,20,Get Extra 1 pieces with every pack purchased! *While Stock Last,230,6,RM 230 a box of 6 monthly dispo lens,RM 76.67 per pair for 1 Month,76.67,SILICONE HYDROGEL
CLEAR,JOHNSON & JOHNSON,PREMIUM,ACUVUE VITA,3,12,1 Month, monthly dispo,ASTIG,5,"C-2.25 ; X10, X20, X70, X80, X90, X100, X110, X160, X170, X180","S-0.00, S-0.25, S-0.50, S-0.75, S-1.00, S-1.25, S-1.50, S-1.75, S-2.00, S-2.25, S-2.50, S-2.75, S-3.00, S-3.25, S-3.50, S-3.75, S-4.00, S-4.25, S-4.50, S-4.75, S-5.00, S-5.25, S-5.50, S-5.75, S-6.00",Astigmatism,"JOHNSON & JOHNSON ACUVUE VITA , 1 Month Astigmatism",10,5,40,10,160,20,Get Extra 1 pieces with every pack purchased! *While Stock Last,230,6,RM 230 a box of 6 monthly dispo lens,RM 76.67 per pair for 1 Month,76.67,SILICONE HYDROGEL
CLEAR,JOHNSON & JOHNSON,PREMIUM,ACUVUE VITA,3,12,1 Month, monthly dispo,ASTIG,5,"C-0.75, C-1.25, C-1.75 ; X10, X20, X70, X80, X90, X100, X110, X160, X170, X180","S-6.50, S-7.00, S-7.50, S-8.00, S-8.50, S-9.00, S+0.25, S+0.50, S+0.75, S+1.00, S+1.25, S+1.50, S+1.75, S+2.00, S+2.25, S+2.50, S+2.75, S+3.00, S+3.25, S+3.50, S+3.75, S+4.00",Astigmatism,"JOHNSON & JOHNSON ACUVUE VITA , 1 Month Astigmatism",10,5,40,10,160,20,Get Extra 1 pieces with every pack purchased! *While Stock Last,230,6,RM 230 a box of 6 monthly dispo lens,RM 76.67 per pair for 1 Month,76.67,SILICONE HYDROGEL
CLEAR,JOHNSON & JOHNSON,PREMIUM,ACUVUE VITA,3,12,1 Month, monthly dispo,SPH,4,C-0.00,"S+0.50, S+0.75, S+1.00, S+1.25, S+1.50, S+1.75, S+2.00, S+2.25, S+2.50, S+2.75, S+3.00, S+3.25, S+3.50, S+3.75, S+4.00, S+4.25, S+4.50, S+4.75, S+5.00, S+5.25, S+5.50, S+5.75, S+6.00, S-0.50, S-0.75, S-1.00, S-1.25, S-1.50, S-1.75, S-2.00, S-2.25, S-2.50, S-2.75, S-3.00, S-3.25, S-3.50, S-3.75, S-4.00, S-4.25, S-4.50, S-4.75, S-5.00, S-5.25, S-5.50, S-5.75, S-6.00, S-6.50, S-7.00, S-7.50, S-8.00, S-8.50, S-9.00, S-9.50, S-10.00, S-10.50, S-11.00, S-11.50, S-12.00, S+6.50, S+7.00, S+7.50, S+8.00",Sphere,"JOHNSON & JOHNSON ACUVUE VITA , 1 Month Sphere",10,5,40,10,160,20,Get Extra 1 pieces with every pack purchased! *While Stock Last,190,6,RM 190 a box of 6 monthly dispo lens,RM 63.33 per pair for 1 Month,63.33,SILICONE HYDROGEL
CLEAR,JOHNSON & JOHNSON,PREMIUM,ACUVUE VITA LOOSE LENS,3,12,1 Month, monthly dispo,ASTIG,76,"C-0.75, C-1.25, C-1.75 ; X10, X20, X30, X40, X50, X60, X70, X80, X90, X100, X110, X120, X130, X140, X150, X160, X170, X180","S-0.00, S-0.25, S-0.50, S-0.75, S-1.00, S-1.25, S-1.50, S-1.75, S-2.00, S-2.25, S-2.50, S-2.75, S-3.00, S-3.25, S-3.50, S-3.75, S-4.00, S-4.25, S-4.50, S-4.75, S-5.00, S-5.25, S-5.50, S-5.75, S-6.00",Astigmatism,"JOHNSON & JOHNSON ACUVUE VITA LOOSE LENS , 1 Month Astigmatism",0,0,0,0,0,0,,85,2,RM 85 a box of 2 monthly dispo lens,RM 85 per pair for 1 Month,85,SILICONE HYDROGEL
CLEAR,JOHNSON & JOHNSON,PREMIUM,ACUVUE VITA LOOSE LENS,3,12,1 Month, monthly dispo,ASTIG,76,"C-2.25 ; X10, X20, X70, X80, X90, X100, X110, X160, X170, X180","S-0.00, S-0.25, S-0.50, S-0.75, S-1.00, S-1.25, S-1.50, S-1.75, S-2.00, S-2.25, S-2.50, S-2.75, S-3.00, S-3.25, S-3.50, S-3.75, S-4.00, S-4.25, S-4.50, S-4.75, S-5.00, S-5.25, S-5.50, S-5.75, S-6.00",Astigmatism,"JOHNSON & JOHNSON ACUVUE VITA LOOSE LENS , 1 Month Astigmatism",0,0,0,0,0,0,,85,2,RM 85 a box of 2 monthly dispo lens,RM 85 per pair for 1 Month,85,SILICONE HYDROGEL
CLEAR,JOHNSON & JOHNSON,PREMIUM,ACUVUE VITA LOOSE LENS,3,12,1 Month, monthly dispo,ASTIG,76,"C-0.75, C-1.25, C-1.75 ; X10, X20, X70, X80, X90, X100, X110, X160, X170, X180","S-6.50, S-7.00, S-7.50, S-8.00, S-8.50, S-9.00, S+0.25, S+0.50, S+0.75, S+1.00, S+1.25, S+1.50, S+1.75, S+2.00, S+2.25, S+2.50, S+2.75, S+3.00, S+3.25, S+3.50, S+3.75, S+4.00",Astigmatism,"JOHNSON & JOHNSON ACUVUE VITA LOOSE LENS , 1 Month Astigmatism",0,0,0,0,0,0,,85,2,RM 85 a box of 2 monthly dispo lens,RM 85 per pair for 1 Month,85,SILICONE HYDROGEL
CLEAR,JOHNSON & JOHNSON,PREMIUM,ACUVUE VITA LOOSE LENS,3,12,1 Month, monthly dispo,SPH,72,C-0.00,"S+0.50, S+0.75, S+1.00, S+1.25, S+1.50, S+1.75, S+2.00, S+2.25, S+2.50, S+2.75, S+3.00, S+3.25, S+3.50, S+3.75, S+4.00, S+4.25, S+4.50, S+4.75, S+5.00, S+5.25, S+5.50, S+5.75, S+6.00, S-0.50, S-0.75, S-1.00, S-1.25, S-1.50, S-1.75, S-2.00, S-2.25, S-2.50, S-2.75, S-3.00, S-3.25, S-3.50, S-3.75, S-4.00, S-4.25, S-4.50, S-4.75, S-5.00, S-5.25, S-5.50, S-5.75, S-6.00, S-6.50, S-7.00, S-7.50, S-8.00, S-8.50, S-9.00, S-9.50, S-10.00, S-10.50, S-11.00, S-11.50, S-12.00, S+6.50, S+7.00, S+7.50, S+8.00",Sphere,"JOHNSON & JOHNSON ACUVUE VITA LOOSE LENS , 1 Month Sphere",0,0,0,0,0,0,,70,2,RM 70 a box of 2 monthly dispo lens,RM 70 per pair for 1 Month,70,SILICONE HYDROGEL
CLEAR,SEED,GOOD,1 DAY PURE,3,10,1 Day, daily dispo,SPH,31,C-0.00,"S+8.00, S+7.50, S+7.00, S+6.50, S+6.00, S+5.50, S+5.00, S+5.25, S+5.50, S0.00, S+0.50, S+0.75, S+1.00, S+1.25, S+1.50, S+1.75, S+2.00, S+2.25, S+2.50, S+2.75, S+3.00, S+3.25, S+3.50, S+3.75, S+4.00, S+4.25, S+4.50, S+4.75, S+5.00, S-0.25, S-0.50, S-0.75, S-1.00, S-1.25, S-1.50, S-1.75, S-2.00, S-2.25, S-2.50, S-2.75, S-3.00, S-3.25, S-3.50, S-3.75, S-4.00, S-4.25, S-4.50, S-4.75, S-5.00, S-5.25, S-5.50, S-5.75, S-6.00, S-6.50, S-7.00, S-7.50, S-8.00, S-8.50, S-9.00, S-9.50, S-10.00, S-10.50, S-11.00, S-11.50, S-12.00, S-12.50, S-13.00, S-13.50, S-14.00, S-14.50, S-15.00, S-15.50, S-16.00",Sphere,"SEED 1 DAY PURE , 1 Day Sphere",10,5,20,5,160,20,,145,32,RM 145 a box of 32 daily dispo lens,RM 9.06 per pair for 1 Day,9.06,HYDROGEL
CLEAR,SEED,GOOD,1 DAY PURE EDOF,3,10,1 Day, daily dispo,MF,34,C-0.00,"S+5.00, S+4.75, S+4.50, S+4.25, S+4.00, S+3.75, S+3.50, S+3.25, S+3.00, S+2.75, S+2.50, S+2.25, S+2.00, S+1.75, S+1.50, S+1.25, S+1.00, S+0.75, S+0.50, S+0.25, S0.00, S-0.25, S-0.50, S-0.75, S-1.00, S-1.25, S-1.50, S-1.75, S-2.00, S-2.25, S-2.50, S-2.75, S-3.00, S-3.25, S-3.50, S-3.75, S-4.00, S-4.25, S-4.50, S-4.75, S-5.00, S-5.25, S-5.50, S-5.75, S-6.00, S-6.25, S-6.50, S-6.75, S-7.00, S-7.25, S-7.50, S-7.75, S-8.00, S-8.25, S-8.50, S-8.75, S-9.00, S-9.25, S-9.50, S-9.75, S-10.00, S-10.25, S-10.50, S-10.75, S-11.00, S-11.25, S-11.50, S-11.75, S-12.00",Multi-focal,"SEED 1 DAY PURE EDOF , 1 Day Multi-focal",10,5,20,5,160,20,,255,32,RM 255 a box of 32 daily dispo lens,RM 15.94 per pair for 1 Day,15.94,HYDROGEL
CLEAR,SEED,GOOD,1 DAY PURE MULTI-STAGE,14,10,1 Day, daily dispo,MF,33,C-0.00,"S+5.00, S+4.75, S+4.50, S+4.25, S+4.00, S+3.75, S+3.50, S+3.25, S+3.00, S+2.75, S+2.50, S+2.25, S+2.00, S+1.75, S+1.50, S+1.25, S+1.00, S+0.75, S+0.50, S+0.25, S0.00, S-0.25, S-0.50, S-0.75, S-1.00, S-1.25, S-1.50, S-1.75, S-2.00, S-2.25, S-2.50, S-2.75, S-3.00, S-3.25, S-3.50, S-3.75, S-4.00, S-4.25, S-4.50, S-4.75, S-5.00, S-5.25, S-5.50, S-5.75, S-6.00, S-6.25, S-6.50, S-6.75, S-7.00, S-7.25, S-7.50, S-7.75, S-8.00, S-8.25, S-8.50, S-8.75, S-9.00, S-9.25, S-9.50, S-9.75, S-10.00",Multi-focal,"SEED 1 DAY PURE MULTI-STAGE , 1 Day Multi-focal",10,5,20,5,160,20,,245,32,RM 245 a box of 32 daily dispo lens,RM 15.31 per pair for 1 Day,15.31,HYDROGEL
CLEAR,SEED,GOOD,1 DAY PURE TORIC,14,10,1 Day, daily dispo,ASTIG,35,none,none,Astigmatism,"SEED 1 DAY PURE TORIC , 1 Day Astigmatism",10,5,20,5,160,20,,185,32,RM 185 a box of 32 daily dispo lens,RM 11.56 per pair for 1 Day,11.56,HYDROGEL
CLEAR,SEED,GOOD,1 DAY PURE VIEWSUPPORT RELAXER,14,10,1 Day, daily dispo,MF,32,C-0.00,"S+5.00, S+4.75, S+4.50, S+4.25, S+4.00, S+3.75, S+3.50, S+3.25, S+3.00, S+2.75, S+2.50, S+2.25, S+2.00, S+1.75, S+1.50, S+1.25, S+1.00, S+0.75, S+0.50, S+0.25, S0.00, S-0.25, S-0.50, S-0.75, S-1.00, S-1.25, S-1.50, S-1.75, S-2.00, S-2.25, S-2.50, S-2.75, S-3.00, S-3.25, S-3.50, S-3.75, S-4.00, S-4.25, S-4.50, S-4.75, S-5.00, S-5.25, S-5.50, S-5.75, S-6.00, S-6.50, S-7.00, S-7.50, S-8.00, S-8.50, S-9.00, S-9.50, S-10.00, S-10.50, S-11.00, S-11.50, S-12.00",Multi-focal,"SEED 1 DAY PURE VIEWSUPPORT RELAXER , 1 Day Multi-focal",10,5,20,5,160,20,,165,32,RM 165 a box of 32 daily dispo lens,RM 10.31 per pair for 1 Day,10.31,HYDROGEL
CLEAR,SEED,GOOD,2 WEEKS PURE,14,8,2 Weeks, 2 weeks dispo,SPH,29,C-0.00,"S+0.00, S+0.50, S+0.75, S+1.00, S+1.25, S+1.50, S+1.75, S+2.00, S+2.25, S+2.50, S+2.75, S+3.00, S+3.25, S+3.50, S+3.75, S+4.00, S+4.25, S+4.50, S+4.75, S+5.00, S+5.50, S+6.00, S+6.50, S+7.00, S+7.50, S+8.00, S+8.50, S+9.00, S+9.50, S+10.00, S-0.50, S-0.75, S-1.00, S-1.25, S-1.50, S-1.75, S-2.00, S-2.25, S-2.50, S-2.75, S-3.00, S-3.25, S-3.50, S-3.75, S-4.00, S-4.25, S-4.50, S-4.75, S-5.00, S-5.25, S-5.50, S-5.75, S-6.00, S-6.50, S-7.00, S-7.50, S-8.00, S-8.50, S-9.00, S-9.50, S-10.00, S-10.50, S-11.00, S-11.50, S-12.00, S-12.50, S-13.00, S-13.50, S-14.00, S-14.50, S-15.00, S-15.50, S-16.00",Sphere,"SEED 2 WEEKS PURE , 2 Weeks Sphere",10,5,20,5,160,20,,125,6,RM 125 a box of 6 2 weeks dispo lens,RM 41.67 per pair for 2 Weeks,41.67,HYDROGEL
CLEAR,SEED,GOOD,2 WEEKS PURE MULTI-STAGE,14,8,2 Weeks, 2 weeks dispo,MF,30,C-0.00,"S0.00, S+0.50, S+0.75, S+1.00, S+1.25, S+1.50, S+1.75, S+2.00, S+2.25, S+2.50, S+2.75, S+3.00, S+3.25, S+3.50, S+3.75, S+4.00, S+4.25, S+4.50, S+4.75, S+5.00, S-0.50, S-0.75, S-1.00, S-1.25, S-1.50, S-1.75, S-2.00, S-2.25, S-2.50, S-2.75, S-3.00, S-3.25, S-3.50, S-3.75, S-4.00, S-4.25, S-4.50, S-4.75, S-5.00, S-5.25, S-5.50, S-5.75, S-6.00, S-6.50, S-7.00, S-7.50, S-8.00, S-8.50, S-9.00, S-9.50, S-10.00",Multi-focal,"SEED 2 WEEKS PURE MULTI-STAGE , 2 Weeks Multi-focal",10,5,20,5,160,20,,185,6,RM 185 a box of 6 2 weeks dispo lens,RM 61.67 per pair for 2 Weeks,61.67,HYDROGEL
CLEAR,SEED,GOOD,2 WEEKS PURE TORIC,14,8,2 Weeks, 2 weeks dispo,ASTIG,38,none,none,Astigmatism,"SEED 2 WEEKS PURE TORIC , 2 Weeks Astigmatism",10,5,20,5,160,20,,135,6,RM 135 a box of 6 2 weeks dispo lens,RM 45 per pair for 2 Weeks,45,HYDROGEL
COLOUR,SEED,GOOD,"EYE COFFRET (Stable, good for dry eye)",3,10,1 Day, daily dispo,SPH,82,C-0.00,"S-0.00, S-1.00, S-1.25, S-1.50, S-1.75, S-2.00, S-2.25, S-2.50, S-2.75, S-3.00, S-3.25, S-3.50, S-3.75, S-4.00, S-4.25, S-4.50, S-4.75, S-5.00, S-5.25, S-5.50, S-5.75, S-6.00, S-6.50, S-7.00, S-7.50, S-8.00",Sphere,"SEED EYE COFFRET (Stable, good for dry eye) , 1 Day Sphere",10,5,20,5,160,20,,85,10,RM 85 a box of 10 daily dispo lens,RM 17 per pair for 1 Day,17,HYDROGEL
COLOUR,SEED,GOOD,EYE COFFRET RICH TORIC COLOUR,3,10,1 Day, daily dispo,ASTIG,66,"C-0.75, C-1.25 ; X180","S-0.00, S-0.50, S-0.75, S-1.00, S-1.25, S-1.50, S-1.75, S-2.00, S-2.25, S-2.50, S-2.75, S-3.00, S-3.25, S-3.50, S-3.75, S-4.00, S-4.25, S-4.50, S-4.75, S-5.00, S-5.25, S-5.50, S-5.75, S-6.00, S-6.50, S-7.00, S-7.50, S-8.00",Astigmatism,"SEED EYE COFFRET RICH TORIC COLOUR , 1 Day Astigmatism",10,5,20,5,160,20,,100,10,RM 100 a box of 10 daily dispo lens,RM 20 per pair for 1 Day,20,HYDROGEL
COLOUR,SEED,GOOD,EYE COFFRET RICH TORIC COLOUR,3,10,1 Day, daily dispo,ASTIG,68,"C-0.75, C-1.25 ; X180","S-0.00, S-0.50, S-0.75, S-1.00, S-1.25, S-1.50, S-1.75, S-2.00, S-2.25, S-2.50, S-2.75, S-3.00, S-3.25, S-3.50, S-3.75, S-4.00, S-4.25, S-4.50, S-4.75, S-5.00, S-5.25, S-5.50, S-5.75, S-6.00, S-6.50, S-7.00, S-7.50, S-8.00",Astigmatism,"SEED EYE COFFRET RICH TORIC COLOUR , 1 Day Astigmatism",10,5,20,5,160,20,,220,30,RM 220 a box of 30 daily dispo lens,RM 14.67 per pair for 1 Day,14.67,HYDROGEL
CLEAR,SEED,GOOD,FINE UV PLUS 38% WATER,14,8,1 Month, monthly dispo,SPH,27,C-0.00,"S-0.25, S-0.50, S-0.75, S-1.00, S-1.25, S-1.50, S-1.75, S-2.00, S-2.25, S-2.50, S-2.75, S-3.00, S-3.25, S-3.50, S-3.75, S-4.00, S-4.25, S-4.50, S-4.75, S-5.00, S-5.25, S-5.50, S-5.75, S-6.00, S-6.50, S-7.00, S-7.50, S-8.00",Sphere,"SEED FINE UV PLUS 38% WATER , 1 Month Sphere",10,5,20,5,160,20,,65,3,RM 65 a box of 3 monthly dispo lens,RM 43.33 per pair for 1 Month,43.33,HYDROGEL
COLOUR,SEED,GOOD,MONTHLY COLOR LENS UV ,3,8,1 Month, monthly dispo,SPH,67,C-0.00,"S0.00, S-1.00, S-1.25, S-1.50, S-1.75, S-2.00, S-2.25, S-2.50, S-2.75, S-3.00, S-3.25, S-3.50, S-3.75, S-4.00, S-4.25, S-4.50, S-4.75, S-5.00, S-5.25, S-5.50, S-5.75, S-6.00, S-6.25, S-6.50, S-6.75, S-7.00, S-7.25, S-7.50, S-7.75, S-8.00",Sphere,"SEED MONTHLY COLOR LENS UV  , 1 Month Sphere",10,5,20,5,160,20,,75,2,RM 75 a box of 2 monthly dispo lens,RM 75 per pair for 1 Month,75,HYDROGEL
CLEAR,SEED,GOOD,MONTHLY PURE,3,8,1 Month, monthly dispo,SPH,28,C-0.00,"S+0.50, S+0.75, S+1.00, S+1.25, S+1.50, S+1.75, S+2.00, S+2.25, S+2.50, S+2.75, S+3.00, S+3.25, S+3.50, S+3.75, S+4.00, S+4.25, S+4.50, S+4.75, S+5.00, S0.00, S-0.50, S-0.75, S-1.00, S-1.25, S-1.50, S-1.75, S-2.00, S-2.25, S-2.50, S-2.75, S-3.00, S-3.25, S-3.50, S-3.75, S-4.00, S-4.25, S-4.50, S-4.75, S-5.00, S-5.25, S-5.50, S-5.75, S-6.00, S-6.50, S-7.00, S-7.50, S-8.00, S-8.50, S-9.00, S-9.50, S-10.00, S-10.50, S-11.00, S-11.50, S-12.00",Sphere,"SEED MONTHLY PURE , 1 Month Sphere",10,5,20,5,160,20,,90,6,RM 90 a box of 6 monthly dispo lens,RM 30 per pair for 1 Month,30,HYDROGEL
